"Time","salzano_ingrid_robegano_MASSFLOW"
2021-02-09 17:33:39,0
2021-02-09 17:47:40,0
2021-02-09 17:48:41,4500
2021-02-09 17:49:41,4500
2021-02-09 17:50:41,2769
2021-02-09 17:51:41,4500
2021-02-09 17:52:41,4500
2021-02-09 17:53:41,2769
2021-02-09 17:54:41,4500
2021-02-09 17:55:42,4500
2021-02-09 17:56:42,2000
2021-02-09 17:57:42,4500
2021-02-09 17:58:42,2769
2021-02-09 17:59:42,4500
2021-02-09 18:01:42,4500
2021-02-09 18:02:42,2000
2021-02-09 18:03:43,2000
2021-02-09 18:04:43,4500
2021-02-09 18:05:43,2769
2021-02-09 18:06:43,4500
2021-02-09 18:07:43,4500
2021-02-09 18:08:43,2769
2021-02-09 18:09:43,4500
2021-02-09 18:10:44,1565
2021-02-09 18:11:44,2000
2021-02-09 18:12:44,4500
2021-02-09 18:13:44,2769
2021-02-09 18:14:44,4500
2021-02-09 18:15:44,2696
2021-02-09 18:16:44,2653
2021-02-09 18:17:44,2826
2021-02-09 18:18:45,2533
2021-02-09 18:19:45,2403
2021-02-09 18:20:45,2230
2021-02-09 18:21:45,2523
2021-02-09 18:22:45,2696
2021-02-09 18:23:46,2653
2021-02-09 18:24:46,2826
2021-02-09 18:25:46,2653
2021-02-09 18:26:46,2446
2021-02-09 18:27:46,2273
2021-02-09 18:28:46,2273
2021-02-09 18:29:46,2523
2021-02-09 18:33:47,2523
2021-02-09 18:34:47,2403
2021-02-09 18:35:47,2403
2021-02-09 18:36:47,2403
2021-02-09 18:37:47,2523
2021-02-09 18:40:48,2523
2021-02-09 18:41:48,2403
2021-02-09 18:42:48,2403
2021-02-09 18:43:48,2576
2021-02-09 18:44:48,2826
2021-02-09 18:45:48,2826
2021-02-09 18:46:48,2783
2021-02-09 18:47:49,2826
2021-02-09 18:48:49,2783
2021-02-09 18:49:49,2653
2021-02-09 18:50:49,2403
2021-02-09 18:51:49,2273
2021-02-09 18:52:49,2230
2021-02-09 18:53:49,2480
2021-02-09 18:54:50,2653
2021-02-09 18:55:50,2523
2021-02-09 18:56:50,2523
2021-02-09 18:57:50,2696
2021-02-09 18:58:50,2403
2021-02-09 18:59:50,2576
2021-02-09 19:00:50,2576
2021-02-09 19:01:51,2696
2021-02-09 19:02:51,2567
2021-02-09 19:03:51,2567
2021-02-09 19:04:51,2490
2021-02-09 19:05:51,2620
2021-02-09 19:06:51,2620
2021-02-09 19:07:51,2870
2021-02-09 19:08:52,2870
2021-02-09 19:09:52,2576
2021-02-09 19:13:53,2576
2021-02-09 19:14:53,2446
2021-02-09 19:15:53,2446
2021-02-09 19:16:53,2403
2021-02-09 19:17:53,2460
2021-02-09 19:18:53,2504
2021-02-09 19:19:53,2504
2021-02-09 19:20:54,2446
2021-02-09 19:22:54,2446
2021-02-09 19:23:54,2403
2021-02-09 19:24:54,2576
2021-02-09 19:25:54,2403
2021-02-09 19:26:54,2446
2021-02-09 19:27:55,2403
2021-02-09 19:28:55,2533
2021-02-09 19:29:55,2533
2021-02-09 19:30:55,2403
2021-02-09 19:31:55,2360
2021-02-09 19:32:55,2360
2021-02-09 19:33:56,2403
2021-02-09 19:34:56,2360
2021-02-09 19:35:56,2403
2021-02-09 19:36:56,2360
2021-02-09 19:37:56,2360
2021-02-09 19:38:57,2230
2021-02-09 19:40:57,2230
2021-02-09 19:41:57,2360
2021-02-09 19:42:57,2489
2021-02-09 19:43:57,2446
2021-02-09 19:44:57,2446
2021-02-09 19:45:57,2316
2021-02-09 19:46:58,2186
2021-02-09 19:47:58,2057
2021-02-09 19:48:58,2057
2021-02-09 19:49:58,2230
2021-02-09 19:50:58,2360
2021-02-09 19:51:58,2316
2021-02-09 19:52:58,2436
2021-02-09 19:53:58,2436
2021-02-09 19:54:59,2409
2021-02-09 19:55:59,2260
2021-02-09 19:56:59,2260
2021-02-09 19:57:59,2087
2021-02-09 19:58:59,2087
2021-02-09 19:59:59,2260
2021-02-09 20:01:00,2217
2021-02-09 20:02:00,2072
2021-02-09 20:03:00,2099
2021-02-09 20:04:00,2245
2021-02-09 20:05:00,2390
2021-02-09 20:06:00,2390
2021-02-09 20:07:00,2217
2021-02-09 20:08:01,2072
2021-02-09 20:09:01,2099
2021-02-09 20:10:01,2099
2021-02-09 20:11:01,2099
2021-02-09 20:12:01,2099
2021-02-09 20:13:01,2099
2021-02-09 20:14:01,2099
2021-02-09 20:15:01,2099
2021-02-09 20:16:02,2245
2021-02-09 20:18:02,2245
2021-02-09 20:19:02,2217
2021-02-09 20:20:02,2245
2021-02-09 20:21:02,2245
2021-02-09 20:22:03,2072
2021-02-09 20:23:03,1926
2021-02-09 20:24:03,1926
2021-02-09 20:25:03,2072
2021-02-09 20:26:03,2245
2021-02-09 20:27:03,2365
2021-02-09 20:28:04,2365
2021-02-09 20:29:04,2099
2021-02-09 20:30:04,1926
2021-02-09 20:31:04,2072
2021-02-09 20:32:04,2217
2021-02-09 20:33:04,2362
2021-02-09 20:34:04,2334
2021-02-09 20:35:05,2189
2021-02-09 20:36:05,2337
2021-02-09 20:37:05,2192
2021-02-09 20:38:05,2192
2021-02-09 20:39:05,2164
2021-02-09 20:40:05,2044
2021-02-09 20:41:05,2016
2021-02-09 20:42:06,2016
2021-02-09 20:43:06,2044
2021-02-09 20:44:06,1988
2021-02-09 20:45:06,2108
2021-02-09 20:46:06,1767
2021-02-09 20:47:06,1739
2021-02-09 20:48:07,1692
2021-02-09 20:49:07,1763
2021-02-09 20:50:07,1595
2021-02-09 20:51:07,1615
2021-02-09 20:52:07,1576
2021-02-09 20:53:08,1724
2021-02-09 20:54:08,1614
2021-02-09 20:55:08,1614
2021-02-09 20:56:08,1685
2021-02-09 20:57:08,1537
2021-02-09 20:58:08,1460
2021-02-09 20:59:08,1628
2021-02-09 21:00:09,1551
2021-02-09 21:01:09,1460
2021-02-09 21:02:09,1517
2021-02-09 21:03:09,1608
2021-02-09 21:04:09,1441
2021-02-09 21:05:09,1517
2021-02-09 21:06:10,1671
2021-02-09 21:07:10,1503
2021-02-09 21:08:10,1503
2021-02-09 21:09:10,1594
2021-02-09 21:10:10,1426
2021-02-09 21:11:10,1364
2021-02-09 21:12:10,1455
2021-02-09 21:13:11,1364
2021-02-09 21:14:11,1349
2021-02-09 21:15:11,1440
2021-02-09 21:16:11,1335
2021-02-09 21:17:11,1426
2021-02-09 21:18:11,1321
2021-02-09 21:19:12,1321
2021-02-09 21:20:12,1411
2021-02-09 21:21:12,1306
2021-02-09 21:22:12,1306
2021-02-09 21:23:12,1397
2021-02-09 21:24:12,1292
2021-02-09 21:25:12,1383
2021-02-09 21:26:13,1292
2021-02-09 21:27:13,1292
2021-02-09 21:28:13,1383
2021-02-09 21:29:13,1278
2021-02-09 21:30:13,1460
2021-02-09 21:31:13,1445
2021-02-09 21:32:13,1340
2021-02-09 21:33:14,1445
2021-02-09 21:34:14,1329
2021-02-09 21:35:14,1391
2021-02-09 21:36:14,1187
2021-02-09 21:37:14,1292
2021-02-09 21:38:14,1165
2021-02-09 21:39:14,1154
2021-02-09 21:40:15,1259
2021-02-09 21:41:15,1186
2021-02-09 21:42:15,1313
2021-02-09 21:43:15,1197
2021-02-09 21:44:15,1281
2021-02-09 21:45:15,1176
2021-02-09 21:46:15,1187
2021-02-09 21:47:15,1187
2021-02-09 21:48:15,1176
2021-02-09 21:49:15,1248
2021-02-09 21:50:15,1176
2021-02-09 21:51:16,1281
2021-02-09 21:52:16,1165
2021-02-09 21:53:16,1226
2021-02-09 21:54:16,1110
2021-02-09 21:55:16,1207
2021-02-09 21:56:16,1125
2021-02-09 21:57:16,1198
2021-02-09 21:58:16,1082
2021-02-09 21:59:16,1189
2021-02-09 22:00:16,1224
2021-02-09 22:01:17,1224
2021-02-09 22:02:17,1189
2021-02-09 22:03:17,1189
2021-02-09 22:04:17,1180
2021-02-09 22:05:17,1189
2021-02-09 22:06:17,1146
2021-02-09 22:07:17,1029
2021-02-09 22:08:17,1102
2021-02-09 22:09:17,1021
2021-02-09 22:10:18,1086
2021-02-09 22:11:18,1005
2021-02-09 22:12:18,1071
2021-02-09 22:13:18,982
2021-02-09 22:14:18,973
2021-02-09 22:15:18,1027
2021-02-09 22:16:18,931
2021-02-09 22:17:18,1020
2021-02-09 22:18:18,931
2021-02-09 22:19:19,985
2021-02-09 22:20:19,896
2021-02-09 22:21:19,896
2021-02-09 22:22:19,889
2021-02-09 22:23:19,883
2021-02-09 22:24:19,944
2021-02-09 22:25:19,855
2021-02-09 22:26:19,910
2021-02-09 22:27:19,844
2021-02-09 22:28:19,838
2021-02-09 22:29:20,898
2021-02-09 22:30:20,838
2021-02-09 22:31:20,898
2021-02-09 22:32:20,832
2021-02-09 22:33:20,832
2021-02-09 22:34:20,898
2021-02-09 22:35:20,832
2021-02-09 22:36:20,926
2021-02-09 22:37:20,860
2021-02-09 22:38:20,854
2021-02-09 22:39:21,921
2021-02-09 22:40:21,860
2021-02-09 22:41:21,948
2021-02-09 22:42:21,948
2021-02-09 22:43:21,954
2021-02-09 22:44:21,860
2021-02-09 22:45:21,954
2021-02-09 22:46:21,954
2021-02-09 22:47:21,954
2021-02-09 22:48:22,954
2021-02-09 22:49:22,866
2021-02-09 22:50:22,932
2021-02-09 22:51:22,866
2021-02-09 22:52:22,960
2021-02-09 22:53:22,866
2021-02-09 22:54:22,932
2021-02-09 22:55:22,866
2021-02-09 22:56:22,866
2021-02-09 22:57:22,926
2021-02-09 22:58:23,855
2021-02-09 22:59:23,850
2021-02-09 23:00:23,891
2021-02-09 23:01:23,788
2021-02-09 23:02:23,820
2021-02-09 23:03:23,820
2021-02-09 23:04:24,744
2021-02-09 23:05:24,786
2021-02-09 23:06:24,710
2021-02-09 23:07:24,710
2021-02-09 23:08:24,758
2021-02-09 23:09:24,702
2021-02-09 23:10:24,702
2021-02-09 23:11:24,755
2021-02-09 23:12:25,698
2021-02-09 23:13:25,698
2021-02-09 23:14:25,747
2021-02-09 23:15:25,691
2021-02-09 23:16:25,691
2021-02-09 23:17:25,747
2021-02-09 23:18:25,691
2021-02-09 23:19:25,691
2021-02-09 23:20:26,736
2021-02-09 23:21:26,680
2021-02-09 23:22:26,722
2021-02-09 23:23:26,722
2021-02-09 23:24:26,662
2021-02-09 23:25:26,704
2021-02-09 23:26:26,704
2021-02-09 23:27:26,704
2021-02-09 23:28:27,720
2021-02-09 23:29:27,720
2021-02-09 23:30:27,682
2021-02-09 23:31:27,758
2021-02-09 23:32:27,720
2021-02-09 23:33:27,788
2021-02-09 23:34:27,788
2021-02-09 23:35:27,746
2021-02-09 23:36:28,802
2021-02-09 23:37:28,802
2021-02-09 23:38:28,723
2021-02-09 23:39:28,723
2021-02-09 23:40:28,760
2021-02-09 23:41:28,681
2021-02-09 23:42:28,677
2021-02-09 23:43:28,714
2021-02-09 23:44:28,658
2021-02-09 23:45:29,655
2021-02-09 23:46:29,714
2021-02-09 23:47:29,655
2021-02-09 23:48:29,651
2021-02-09 23:49:29,693
2021-02-09 23:50:29,645
2021-02-09 23:51:29,645
2021-02-09 23:52:29,683
2021-02-09 23:53:30,683
2021-02-09 23:54:30,635
2021-02-09 23:55:30,677
2021-02-09 23:56:30,677
2021-02-09 23:57:30,617
2021-02-09 23:58:30,614
2021-02-09 23:59:30,677
2021-02-10 00:00:30,628
2021-02-10 00:01:30,628
2021-02-10 00:02:31,677
2021-02-10 00:03:31,628
2021-02-10 00:04:31,677
2021-02-10 00:05:31,673
2021-02-10 00:07:31,673
2021-02-10 00:08:31,677
2021-02-10 00:09:31,677
2021-02-10 00:10:31,662
2021-02-10 00:11:32,662
2021-02-10 00:12:32,662
2021-02-10 00:13:32,611
2021-02-10 00:14:32,659
2021-02-10 00:15:32,608
2021-02-10 00:16:32,608
2021-02-10 00:17:32,651
2021-02-10 00:18:32,651
2021-02-10 00:19:33,602
2021-02-10 00:20:33,596
2021-02-10 00:21:33,645
2021-02-10 00:22:33,596
2021-02-10 00:23:33,596
2021-02-10 00:24:33,648
2021-02-10 00:25:33,596
2021-02-10 00:26:33,596
2021-02-10 00:27:33,599
2021-02-10 00:28:34,639
2021-02-10 00:29:34,588
2021-02-10 00:30:34,585
2021-02-10 00:31:34,637
2021-02-10 00:32:34,585
2021-02-10 00:34:34,585
2021-02-10 00:35:35,623
2021-02-10 00:36:35,571
2021-02-10 00:37:35,571
2021-02-10 00:38:35,620
2021-02-10 00:39:35,580
2021-02-10 00:40:35,631
2021-02-10 00:41:35,634
2021-02-10 00:42:35,634
2021-02-10 00:43:35,637
2021-02-10 00:44:36,637
2021-02-10 00:45:36,634
2021-02-10 00:46:36,593
2021-02-10 00:47:36,634
2021-02-10 00:49:36,634
2021-02-10 00:50:36,578
2021-02-10 00:51:36,618
2021-02-10 00:52:37,562
2021-02-10 00:53:37,562
2021-02-10 00:54:37,557
2021-02-10 00:55:37,594
2021-02-10 00:56:37,541
2021-02-10 00:57:37,541
2021-02-10 00:58:37,578
2021-02-10 00:59:37,578
2021-02-10 01:00:38,536
2021-02-10 01:01:38,533
2021-02-10 01:02:38,569
2021-02-10 01:03:38,569
2021-02-10 01:04:38,524
2021-02-10 01:05:38,527
2021-02-10 01:06:38,561
2021-02-10 01:07:38,561
2021-02-10 01:08:38,518
2021-02-10 01:09:39,516
2021-02-10 01:10:39,550
2021-02-10 01:11:39,550
2021-02-10 01:12:39,537
2021-02-10 01:13:39,537
2021-02-10 01:14:39,533
2021-02-10 01:15:39,533
2021-02-10 01:16:39,494
2021-02-10 01:17:39,531
2021-02-10 01:18:40,529
2021-02-10 01:19:40,529
2021-02-10 01:20:40,492
2021-02-10 01:21:40,535
2021-02-10 01:22:40,533
2021-02-10 01:23:40,533
2021-02-10 01:24:40,497
2021-02-10 01:25:40,535
2021-02-10 01:26:40,495
2021-02-10 01:27:41,495
2021-02-10 01:28:41,492
2021-02-10 01:29:41,523
2021-02-10 01:30:41,523
2021-02-10 01:31:41,481
2021-02-10 01:32:41,481
2021-02-10 01:33:41,515
2021-02-10 01:34:42,515
2021-02-10 01:35:42,467
2021-02-10 01:36:42,467
2021-02-10 01:37:42,467
2021-02-10 01:38:42,503
2021-02-10 01:39:42,465
2021-02-10 01:40:42,465
2021-02-10 01:41:43,466
2021-02-10 01:42:43,508
2021-02-10 01:43:43,477
2021-02-10 01:44:43,477
2021-02-10 01:45:43,482
2021-02-10 01:46:43,521
2021-02-10 01:47:43,487
2021-02-10 01:48:43,487
2021-02-10 01:49:44,492
2021-02-10 01:50:44,539
2021-02-10 01:51:44,505
2021-02-10 01:52:44,552
2021-02-10 01:53:44,557
2021-02-10 01:54:44,557
2021-02-10 01:55:44,522
2021-02-10 01:56:44,569
2021-02-10 01:57:45,572
2021-02-10 02:02:45,572
2021-02-10 02:02:45,572
2021-02-10 02:03:45,561
2021-02-10 02:03:45,561
2021-02-10 02:04:45,561
2021-02-10 02:05:45,514
2021-02-10 02:06:46,514
2021-02-10 02:07:46,554
2021-02-10 02:08:46,554
2021-02-10 02:09:46,512
2021-02-10 02:10:46,512
2021-02-10 02:11:46,554
2021-02-10 02:12:46,554
2021-02-10 02:13:46,520
2021-02-10 02:14:46,520
2021-02-10 02:15:47,565
2021-02-10 02:16:47,529
2021-02-10 02:17:47,529
2021-02-10 02:17:47,529
2021-02-10 02:18:47,533
2021-02-10 02:18:47,533
2021-02-10 02:19:47,578
2021-02-10 02:20:47,533
2021-02-10 02:21:47,533
2021-02-10 02:22:47,576
2021-02-10 02:23:48,576
2021-02-10 02:24:48,531
2021-02-10 02:25:48,531
2021-02-10 02:26:48,572
2021-02-10 02:27:48,572
2021-02-10 02:28:48,529
2021-02-10 02:29:48,531
2021-02-10 02:30:48,574
2021-02-10 02:31:49,574
2021-02-10 02:32:49,533
2021-02-10 02:33:49,538
2021-02-10 02:34:49,581
2021-02-10 02:35:49,538
2021-02-10 02:36:49,538
2021-02-10 02:37:49,540
2021-02-10 02:38:49,577
2021-02-10 02:39:50,532
2021-02-10 02:40:50,532
2021-02-10 02:41:50,572
2021-02-10 02:42:50,572
2021-02-10 02:43:50,529
2021-02-10 02:44:50,527
2021-02-10 02:45:50,567
2021-02-10 02:46:51,567
2021-02-10 02:47:51,522
2021-02-10 02:48:51,522
2021-02-10 02:49:51,565
2021-02-10 02:50:51,531
2021-02-10 02:51:51,531
2021-02-10 02:52:51,533
2021-02-10 02:53:51,578
2021-02-10 02:54:52,535
2021-02-10 02:55:52,589
2021-02-10 02:57:52,589
2021-02-10 02:58:52,605
2021-02-10 03:00:52,605
2021-02-10 03:01:52,562
2021-02-10 03:02:53,616
2021-02-10 03:04:53,616
2021-02-10 03:05:53,578
2021-02-10 03:06:53,621
2021-02-10 03:07:53,576
2021-02-10 03:08:54,581
2021-02-10 03:09:54,647
2021-02-10 03:10:54,601
2021-02-10 03:11:54,610
2021-02-10 03:12:54,663
2021-02-10 03:13:54,615
2021-02-10 03:14:54,615
2021-02-10 03:15:54,658
2021-02-10 03:16:55,658
2021-02-10 03:17:55,617
2021-02-10 03:18:55,614
2021-02-10 03:19:55,652
2021-02-10 03:20:55,589
2021-02-10 03:21:55,589
2021-02-10 03:22:55,626
2021-02-10 03:23:55,626
2021-02-10 03:24:55,574
2021-02-10 03:25:56,569
2021-02-10 03:26:56,618
2021-02-10 03:27:56,575
2021-02-10 03:29:56,575
2021-02-10 03:30:56,613
2021-02-10 03:31:56,572
2021-02-10 03:32:56,572
2021-02-10 03:33:57,626
2021-02-10 03:34:57,575
2021-02-10 03:35:57,575
2021-02-10 03:36:57,572
2021-02-10 03:37:57,626
2021-02-10 03:38:57,572
2021-02-10 03:39:57,572
2021-02-10 03:40:57,626
2021-02-10 03:41:57,626
2021-02-10 03:42:58,588
2021-02-10 03:43:58,591
2021-02-10 03:44:58,640
2021-02-10 03:45:58,591
2021-02-10 03:46:58,591
2021-02-10 03:47:58,634
2021-02-10 03:48:58,583
2021-02-10 03:50:59,583
2021-02-10 03:51:59,623
2021-02-10 03:52:59,569
2021-02-10 03:53:59,569
2021-02-10 03:54:59,613
2021-02-10 03:55:59,613
2021-02-10 03:56:59,561
2021-02-10 03:57:59,561
2021-02-10 03:59:00,602
2021-02-10 04:00:00,567
2021-02-10 04:01:00,567
2021-02-10 04:02:00,610
2021-02-10 04:03:00,610
2021-02-10 04:04:00,570
2021-02-10 04:05:00,578
2021-02-10 04:06:00,621
2021-02-10 04:07:01,575
2021-02-10 04:08:01,578
2021-02-10 04:09:01,641
2021-02-10 04:10:01,607
2021-02-10 04:11:01,607
2021-02-10 04:12:01,658
2021-02-10 04:13:01,620
2021-02-10 04:14:01,620
2021-02-10 04:15:02,683
2021-02-10 04:16:02,683
2021-02-10 04:17:02,645
2021-02-10 04:18:02,642
2021-02-10 04:19:02,691
2021-02-10 04:20:02,631
2021-02-10 04:21:02,628
2021-02-10 04:22:02,673
2021-02-10 04:23:03,622
2021-02-10 04:24:03,622
2021-02-10 04:25:03,660
2021-02-10 04:26:03,660
2021-02-10 04:27:03,597
2021-02-10 04:28:03,597
2021-02-10 04:29:03,645
2021-02-10 04:30:04,600
2021-02-10 04:31:04,600
2021-02-10 04:32:04,663
2021-02-10 04:33:04,617
2021-02-10 04:34:04,623
2021-02-10 04:35:04,686
2021-02-10 04:36:04,652
2021-02-10 04:37:04,655
2021-02-10 04:38:05,718
2021-02-10 04:39:05,672
2021-02-10 04:40:05,676
2021-02-10 04:41:05,736
2021-02-10 04:42:05,680
2021-02-10 04:43:05,688
2021-02-10 04:44:05,747
2021-02-10 04:45:05,695
2021-02-10 04:46:06,778
2021-02-10 04:47:06,778
2021-02-10 04:48:06,722
2021-02-10 04:49:06,786
2021-02-10 04:50:06,730
2021-02-10 04:51:06,734
2021-02-10 04:52:06,786
2021-02-10 04:53:06,734
2021-02-10 04:54:07,734
2021-02-10 04:55:07,790
2021-02-10 04:56:07,719
2021-02-10 04:57:07,719
2021-02-10 04:58:07,771
2021-02-10 04:59:07,715
2021-02-10 05:00:08,715
2021-02-10 05:01:08,767
2021-02-10 05:02:08,710
2021-02-10 05:03:08,758
2021-02-10 05:04:08,758
2021-02-10 05:05:08,702
2021-02-10 05:06:08,778
2021-02-10 05:07:09,726
2021-02-10 05:08:09,735
2021-02-10 05:09:09,811
2021-02-10 05:10:09,763
2021-02-10 05:11:09,854
2021-02-10 05:12:09,807
2021-02-10 05:13:09,811
2021-02-10 05:14:10,883
2021-02-10 05:15:10,816
2021-02-10 05:16:10,893
2021-02-10 05:17:10,827
2021-02-10 05:18:10,827
2021-02-10 05:19:10,888
2021-02-10 05:20:10,821
2021-02-10 05:21:10,893
2021-02-10 05:22:11,826
2021-02-10 05:23:11,821
2021-02-10 05:24:11,882
2021-02-10 05:25:11,815
2021-02-10 05:26:11,877
2021-02-10 05:27:11,816
2021-02-10 05:28:11,816
2021-02-10 05:29:11,911
2021-02-10 05:30:12,856
2021-02-10 05:31:12,955
2021-02-10 05:32:12,895
2021-02-10 05:33:12,1000
2021-02-10 05:34:12,946
2021-02-10 05:35:12,953
2021-02-10 05:36:12,966
2021-02-10 05:37:13,973
2021-02-10 05:38:13,980
2021-02-10 05:39:13,987
2021-02-10 05:40:13,995
2021-02-10 05:41:13,1003
2021-02-10 05:42:13,1085
2021-02-10 05:43:13,1003
2021-02-10 05:44:13,1137
2021-02-10 05:45:14,1055
2021-02-10 05:46:14,1189
2021-02-10 05:47:14,1116
2021-02-10 05:48:14,1198
2021-02-10 05:49:14,1134
2021-02-10 05:50:15,1134
2021-02-10 05:51:15,1154
2021-02-10 05:52:15,1121
2021-02-10 05:53:15,1237
2021-02-10 05:54:15,1165
2021-02-10 05:55:15,1187
2021-02-10 05:56:15,1154
2021-02-10 05:58:16,1154
2021-02-10 05:59:16,1165
2021-02-10 06:00:16,1191
2021-02-10 06:01:16,1234
2021-02-10 06:02:16,1354
2021-02-10 06:03:16,1306
2021-02-10 06:04:16,1412
2021-02-10 06:05:17,1594
2021-02-10 06:06:17,1537
2021-02-10 06:07:17,1614
2021-02-10 06:08:17,1576
2021-02-10 06:09:17,1615
2021-02-10 06:10:17,1615
2021-02-10 06:11:17,1615
2021-02-10 06:12:18,1763
2021-02-10 06:13:18,1672
2021-02-10 06:14:18,1672
2021-02-10 06:15:18,1821
2021-02-10 06:16:18,1821
2021-02-10 06:17:18,1653
2021-02-10 06:18:18,1653
2021-02-10 06:19:19,1653
2021-02-10 06:20:19,1653
2021-02-10 06:24:19,1653
2021-02-10 06:25:19,1595
2021-02-10 06:26:20,1744
2021-02-10 06:27:20,1595
2021-02-10 06:28:20,1576
2021-02-10 06:29:20,1724
2021-02-10 06:30:20,1782
2021-02-10 06:31:20,1614
2021-02-10 06:32:20,1537
2021-02-10 06:33:21,1556
2021-02-10 06:34:21,1576
2021-02-10 06:35:21,1595
2021-02-10 06:36:21,1763
2021-02-10 06:37:22,1692
2021-02-10 06:38:22,1739
2021-02-10 06:39:22,1739
2021-02-10 06:40:22,1759
2021-02-10 06:41:23,1759
2021-02-10 06:42:23,1731
2021-02-10 06:43:23,1759
2021-02-10 06:44:23,1888
2021-02-10 06:45:23,1739
2021-02-10 06:46:23,1739
2021-02-10 06:47:23,1692
2021-02-10 06:48:24,1860
2021-02-10 06:49:24,1692
2021-02-10 06:50:24,1692
2021-02-10 06:51:24,1634
2021-02-10 06:52:24,1634
2021-02-10 06:53:24,1654
2021-02-10 06:54:24,1654
2021-02-10 06:55:25,1731
2021-02-10 06:56:25,1879
2021-02-10 06:57:25,1907
2021-02-10 06:58:25,1759
2021-02-10 07:02:26,1759
2021-02-10 07:03:26,1787
2021-02-10 07:04:26,1815
2021-02-10 07:05:26,1935
2021-02-10 07:06:27,1843
2021-02-10 07:07:27,1843
2021-02-10 07:08:27,1988
2021-02-10 07:09:27,2016
2021-02-10 07:10:27,2044
2021-02-10 07:11:27,2192
2021-02-10 07:12:27,2192
2021-02-10 07:13:28,2044
2021-02-10 07:14:28,2161
2021-02-10 07:15:28,2161
2021-02-10 07:16:28,2016
2021-02-10 07:17:28,2164
2021-02-10 07:18:28,1991
2021-02-10 07:19:28,2164
2021-02-10 07:20:29,2016
2021-02-10 07:21:29,2016
2021-02-10 07:22:29,2016
2021-02-10 07:23:29,2016
2021-02-10 07:24:29,2189
2021-02-10 07:25:29,2482
2021-02-10 07:26:30,2510
2021-02-10 07:27:30,2217
2021-02-10 07:28:30,2245
2021-02-10 07:29:30,2143
2021-02-10 07:31:30,2143
2021-02-10 07:32:30,2316
2021-02-10 07:33:31,2446
2021-02-10 07:34:31,2316
2021-02-10 07:35:31,2360
2021-02-10 07:36:31,2653
2021-02-10 07:37:31,2610
2021-02-10 07:38:31,2739
2021-02-10 07:39:31,2489
2021-02-10 07:40:32,2360
2021-02-10 07:41:32,2403
2021-02-10 07:42:32,2230
2021-02-10 07:43:32,2403
2021-02-10 07:44:32,2273
2021-02-10 07:47:32,2273
2021-02-10 07:48:32,2403
2021-02-10 07:49:32,2360
2021-02-10 07:50:33,2489
2021-02-10 07:51:33,2360
2021-02-10 07:52:33,2230
2021-02-10 07:53:33,2100
2021-02-10 07:54:33,2230
2021-02-10 07:55:33,2403
2021-02-10 07:56:33,2533
2021-02-10 07:57:33,2533
2021-02-10 07:58:33,2403
2021-02-10 07:59:33,2523
2021-02-10 08:00:33,2350
2021-02-10 08:01:34,2013
2021-02-10 08:02:34,1970
2021-02-10 08:03:34,2115
2021-02-10 08:04:34,2072
2021-02-10 08:05:34,2072
2021-02-10 08:06:34,1898
2021-02-10 08:07:34,2047
2021-02-10 08:09:34,2047
2021-02-10 08:10:35,1926
2021-02-10 08:12:35,1926
2021-02-10 08:13:35,2099
2021-02-10 08:14:35,2099
2021-02-10 08:15:35,2143
2021-02-10 08:17:36,2143
2021-02-10 08:18:36,2393
2021-02-10 08:19:36,2273
2021-02-10 08:20:36,2143
2021-02-10 08:20:36,2143
2021-02-10 08:21:36,2143
2021-02-10 08:21:36,2143
2021-02-10 08:22:36,2057
2021-02-10 08:22:36,2057
2021-02-10 08:23:36,2186
2021-02-10 08:23:36,2186
2021-02-10 08:24:36,2360
2021-02-10 08:24:36,2360
2021-02-10 08:24:36,2360
2021-02-10 08:25:36,2403
2021-02-10 08:25:36,2403
2021-02-10 08:26:36,2360
2021-02-10 08:27:36,2230
2021-02-10 08:27:36,2230
2021-02-10 08:28:37,2230
2021-02-10 08:29:37,2350
2021-02-10 08:30:37,2177
2021-02-10 08:31:37,2307
2021-02-10 08:32:37,2143
2021-02-10 08:33:37,2143
2021-02-10 08:34:37,2273
2021-02-10 08:35:37,2099
2021-02-10 08:36:38,2099
2021-02-10 08:37:38,2099
2021-02-10 08:38:38,2273
2021-02-10 08:39:38,2273
2021-02-10 08:40:38,2143
2021-02-10 08:41:38,2143
2021-02-10 08:42:38,2436
2021-02-10 08:43:38,2393
2021-02-10 08:44:38,2273
2021-02-10 08:45:39,2273
2021-02-10 08:46:39,2099
2021-02-10 08:47:39,2099
2021-02-10 08:48:39,2072
2021-02-10 08:49:39,2245
2021-02-10 08:50:39,2365
2021-02-10 08:51:39,2365
2021-02-10 09:01:11,0
2021-02-10 09:16:13,0
2021-02-10 09:25:14,0
2021-02-10 09:26:14,1435
2021-02-10 09:27:14,1669
2021-02-10 09:28:15,1903
2021-02-10 09:29:15,2136
2021-02-10 09:30:15,1963
2021-02-10 09:31:15,1787
2021-02-10 09:32:15,1815
2021-02-10 09:33:15,1815
2021-02-10 09:34:15,1848
2021-02-10 09:35:16,1876
2021-02-10 09:36:16,1727
2021-02-10 09:37:16,1848
2021-02-10 09:38:16,1787
2021-02-10 09:39:16,1759
2021-02-10 09:42:16,1759
2021-02-10 09:43:17,1907
2021-02-10 09:44:17,1907
2021-02-10 09:45:17,1759
2021-02-10 09:46:17,1787
2021-02-10 09:47:17,1815
2021-02-10 09:48:17,1787
2021-02-10 09:49:17,1815
2021-02-10 09:50:17,1787
2021-02-10 09:51:18,1739
2021-02-10 09:52:18,1888
2021-02-10 09:53:18,1840
2021-02-10 09:54:18,1692
2021-02-10 09:55:18,1692
2021-02-10 09:56:18,1763
2021-02-10 09:57:18,1634
2021-02-10 09:58:19,1634
2021-02-10 09:59:19,1654
2021-02-10 10:00:19,1731
2021-02-10 10:04:19,1731
2021-02-10 10:05:20,1759
2021-02-10 10:07:20,1759
2021-02-10 10:08:20,1907
2021-02-10 10:09:20,1731
2021-02-10 10:10:20,1654
2021-02-10 10:11:20,1654
2021-02-10 10:12:20,1830
2021-02-10 10:13:21,1682
2021-02-10 10:14:21,1787
2021-02-10 10:15:21,1815
2021-02-10 10:16:21,1960
2021-02-10 10:17:21,2136
2021-02-10 10:18:21,2136
2021-02-10 10:19:21,1988
2021-02-10 10:20:22,1843
2021-02-10 10:21:22,1815
2021-02-10 10:22:22,1815
2021-02-10 10:23:22,1963
2021-02-10 10:24:22,1815
2021-02-10 10:26:22,1815
2021-02-10 10:27:22,1787
2021-02-10 10:29:23,1787
2021-02-10 10:30:23,1759
2021-02-10 10:31:23,1907
2021-02-10 10:32:23,1907
2021-02-10 10:33:23,1759
2021-02-10 10:35:24,1759
2021-02-10 10:36:24,1731
2021-02-10 10:37:24,1731
2021-02-10 10:38:24,1711
2021-02-10 10:39:24,1711
2021-02-10 10:40:24,1860
2021-02-10 10:41:25,1711
2021-02-10 10:42:25,1731
2021-02-10 10:47:25,1731
2021-02-10 10:48:26,1879
2021-02-10 10:49:26,1711
2021-02-10 10:50:26,1711
2021-02-10 10:51:26,1840
2021-02-10 10:52:26,1763
2021-02-10 10:53:26,1634
2021-02-10 10:56:27,1634
2021-02-10 10:57:27,1711
2021-02-10 10:58:27,1711
2021-02-10 10:59:27,1879
2021-02-10 11:00:27,1907
2021-02-10 11:01:27,1759
2021-02-10 11:02:27,1759
2021-02-10 11:03:27,1787
2021-02-10 11:05:28,1787
2021-02-10 11:06:28,1815
2021-02-10 11:07:28,1787
2021-02-10 11:08:28,1787
2021-02-10 11:09:28,1787
2021-02-10 11:10:28,1932
2021-02-10 11:11:29,1932
2021-02-10 11:12:29,2052
2021-02-10 11:13:29,2080
2021-02-10 11:14:29,1759
2021-02-10 11:15:29,1759
2021-02-10 11:16:29,1787
2021-02-10 11:17:29,1932
2021-02-10 11:18:30,1932
2021-02-10 11:19:30,1960
2021-02-10 11:20:30,1960
2021-02-10 11:21:30,2108
2021-02-10 11:22:30,1963
2021-02-10 11:23:30,1787
2021-02-10 11:24:30,1787
2021-02-10 11:25:30,1787
2021-02-10 11:26:31,1759
2021-02-10 11:29:31,1759
2021-02-10 11:30:31,1787
2021-02-10 11:31:31,1787
2021-02-10 11:32:31,1960
2021-02-10 11:33:31,1960
2021-02-10 11:34:32,1988
2021-02-10 11:35:32,1871
2021-02-10 11:36:32,2164
2021-02-10 11:37:32,2044
2021-02-10 11:38:32,2044
2021-02-10 11:39:32,2161
2021-02-10 11:40:32,2044
2021-02-10 11:41:33,2016
2021-02-10 11:42:33,2164
2021-02-10 11:43:33,1991
2021-02-10 11:44:33,1871
2021-02-10 11:45:33,2044
2021-02-10 11:46:33,2072
2021-02-10 11:47:33,2072
2021-02-10 11:48:34,1926
2021-02-10 11:50:34,1926
2021-02-10 11:51:34,2072
2021-02-10 11:52:34,2245
2021-02-10 11:53:34,2245
2021-02-10 11:54:34,2072
2021-02-10 11:55:35,1926
2021-02-10 11:56:35,1898
2021-02-10 11:57:35,1871
2021-02-10 12:00:35,1871
2021-02-10 12:01:35,1898
2021-02-10 12:02:36,2044
2021-02-10 12:04:36,2044
2021-02-10 12:05:36,2016
2021-02-10 12:06:36,1871
2021-02-10 12:07:37,1898
2021-02-10 12:08:37,2044
2021-02-10 12:09:37,2044
2021-02-10 12:10:37,2087
2021-02-10 12:11:37,2038
2021-02-10 12:12:37,2010
2021-02-10 12:13:37,2211
2021-02-10 12:14:37,2390
2021-02-10 12:15:38,2362
2021-02-10 12:16:38,2217
2021-02-10 12:17:38,2538
2021-02-10 12:18:38,2245
2021-02-10 12:19:38,2245
2021-02-10 12:22:39,2245
2021-02-10 12:23:39,2365
2021-02-10 12:24:39,2217
2021-02-10 12:27:39,2217
2021-02-10 12:28:40,2072
2021-02-10 12:29:40,1926
2021-02-10 12:30:40,1926
2021-02-10 12:31:40,2099
2021-02-10 12:32:40,2245
2021-02-10 12:34:41,2245
2021-02-10 12:35:41,2072
2021-02-10 12:36:41,1926
2021-02-10 12:37:41,2072
2021-02-10 12:38:41,2217
2021-02-10 12:39:41,2482
2021-02-10 12:40:41,2655
2021-02-10 12:41:42,2334
2021-02-10 12:42:42,2189
2021-02-10 12:43:42,2189
2021-02-10 12:44:42,2016
2021-02-10 12:45:42,2164
2021-02-10 12:46:42,2192
2021-02-10 12:47:43,1898
2021-02-10 12:48:43,2044
2021-02-10 12:50:43,2044
2021-02-10 12:51:43,2192
2021-02-10 12:52:43,2192
2021-02-10 12:53:43,2044
2021-02-10 12:55:44,2044
2021-02-10 12:56:44,1898
2021-02-10 12:57:44,2047
2021-02-10 12:58:44,2047
2021-02-10 12:59:44,1926
2021-02-10 13:03:45,1926
2021-02-10 13:04:45,2072
2021-02-10 13:05:45,2044
2021-02-10 13:07:46,2044
2021-02-10 13:08:46,1898
2021-02-10 13:09:46,2072
2021-02-10 13:10:46,2217
2021-02-10 13:11:46,2362
2021-02-10 13:13:47,2362
2021-02-10 13:14:47,2189
2021-02-10 13:15:47,2044
2021-02-10 13:16:47,1871
2021-02-10 13:17:47,1991
2021-02-10 13:18:47,1843
2021-02-10 13:19:47,1815
2021-02-10 13:20:48,1815
2021-02-10 13:21:48,1843
2021-02-10 13:22:48,1963
2021-02-10 13:23:48,1963
2021-02-10 13:24:48,2136
2021-02-10 13:25:48,2016
2021-02-10 13:26:49,2044
2021-02-10 13:27:49,2189
2021-02-10 13:28:49,2016
2021-02-10 13:29:49,2309
2021-02-10 13:30:49,2161
2021-02-10 13:31:49,2016
2021-02-10 13:32:49,1988
2021-02-10 13:33:50,1815
2021-02-10 13:34:50,1815
2021-02-10 13:45:31,0
2021-02-10 13:57:33,0
2021-02-10 13:58:33,1935
2021-02-10 14:13:35,1935
2021-02-10 14:28:36,1935
2021-02-10 14:43:38,1935
2021-02-10 14:58:40,1935
2021-02-10 15:13:42,1935
2021-02-10 15:28:44,1935
2021-02-10 15:43:46,1935
2021-02-10 15:58:48,1935
2021-02-10 15:59:48,1731
2021-02-10 16:01:48,1731
2021-02-10 16:02:49,1840
2021-02-10 16:03:49,1840
2021-02-10 16:04:49,1836
2021-02-10 16:06:49,1836
2021-02-10 16:07:49,1825
2021-02-10 16:08:50,1825
2021-02-10 16:09:50,1813
2021-02-10 16:10:50,1813
2021-02-10 16:11:50,1813
2021-02-10 16:12:50,1813
2021-02-10 16:13:50,1816
2021-02-10 16:14:50,1816
2021-02-10 16:15:51,1821
2021-02-10 16:17:51,1821
2021-02-10 16:18:51,1830
2021-02-10 16:19:51,1830
2021-02-10 16:20:51,1835
2021-02-10 16:22:51,1835
2021-02-10 16:23:52,1838
2021-02-10 16:24:52,1838
2021-02-10 16:25:52,1845
2021-02-10 16:26:52,1845
2021-02-10 16:27:52,1848
2021-02-10 16:29:53,1848
2021-02-10 16:30:53,1852
2021-02-10 16:31:53,1852
2021-02-10 16:32:53,1855
2021-02-10 16:33:53,1855
2021-02-10 16:34:53,1853
2021-02-10 16:35:54,1853
2021-02-10 16:36:54,1853
2021-02-10 16:37:54,1853
2021-02-10 16:38:54,1852
2021-02-10 16:40:54,1852
2021-02-10 16:41:54,1853
2021-02-10 16:42:54,1853
2021-02-10 16:43:55,1853
2021-02-10 16:45:55,1853
2021-02-10 16:46:55,1853
2021-02-10 16:47:55,1853
2021-02-10 16:48:55,1854
2021-02-10 16:49:55,1854
2021-02-10 16:50:56,1858
2021-02-10 16:51:56,1858
2021-02-10 16:52:56,1860
2021-02-10 16:54:56,1860
2021-02-10 16:55:56,1860
2021-02-10 16:56:56,1860
2021-02-10 16:57:57,1859
2021-02-10 16:59:57,1859
2021-02-10 17:00:57,1859
2021-02-10 17:01:57,1859
2021-02-10 17:02:57,1859
2021-02-10 17:04:57,1859
2021-02-10 17:05:58,1860
2021-02-10 17:06:58,1860
2021-02-10 17:07:58,1865
2021-02-10 17:08:58,1865
2021-02-10 17:09:58,1870
2021-02-10 17:10:58,1870
2021-02-10 17:11:58,1873
2021-02-10 17:12:59,1873
2021-02-10 17:13:59,1879
2021-02-10 17:14:59,1879
2021-02-10 17:15:59,1884
2021-02-10 17:16:59,1884
2021-02-10 17:17:59,1892
2021-02-10 17:19:59,1892
2021-02-10 17:21:00,1905
2021-02-10 17:22:00,1905
2021-02-10 17:23:00,1917
2021-02-10 17:24:00,1917
2021-02-10 17:25:00,1923
2021-02-10 17:26:00,1923
2021-02-10 17:27:00,1929
2021-02-10 17:28:01,1929
2021-02-10 17:29:01,1939
2021-02-10 17:31:01,1939
2021-02-10 17:32:01,1945
2021-02-10 17:33:01,1945
2021-02-10 17:34:01,1949
2021-02-10 17:35:01,1949
2021-02-10 17:36:02,1964
2021-02-10 17:37:02,1964
2021-02-10 17:38:02,1981
2021-02-10 17:39:02,1981
2021-02-10 17:40:02,1993
2021-02-10 17:41:03,1993
2021-02-10 17:42:03,2003
2021-02-10 17:43:03,2003
2021-02-10 17:44:03,2007
2021-02-10 17:45:03,2007
2021-02-10 17:46:03,2011
2021-02-10 17:47:04,2011
2021-02-10 17:48:04,2015
2021-02-10 17:50:04,2015
2021-02-10 17:51:04,2016
2021-02-10 17:52:04,2016
2021-02-10 17:53:04,2017
2021-02-10 17:54:05,2017
2021-02-10 17:55:05,2021
2021-02-10 17:56:05,2021
2021-02-10 17:57:05,2025
2021-02-10 17:58:05,2025
2021-02-10 17:59:05,2029
2021-02-10 18:00:05,2029
2021-02-10 18:01:06,2038
2021-02-10 18:02:06,2038
2021-02-10 18:03:06,2045
2021-02-10 18:04:06,2045
2021-02-10 18:05:06,2053
2021-02-10 18:06:06,2053
2021-02-10 18:07:07,2061
2021-02-10 18:08:07,2061
2021-02-10 18:19:22,0
2021-02-10 18:22:23,0
2021-02-10 18:23:23,1213
2021-02-10 18:26:23,1213
2021-02-10 18:27:23,2082
2021-02-10 18:28:24,2082
2021-02-10 18:29:24,2266
2021-02-10 18:30:24,2266
2021-02-10 18:31:24,2357
2021-02-10 18:33:24,2357
2021-02-10 18:34:24,2379
2021-02-10 18:35:24,2379
2021-02-10 18:36:24,2378
2021-02-10 18:37:25,2378
2021-02-10 18:38:25,2403
2021-02-10 18:39:25,2403
2021-02-10 18:40:25,2409
2021-02-10 18:42:25,2409
2021-02-10 18:43:26,2410
2021-02-10 18:44:26,2410
2021-02-10 18:45:26,2420
2021-02-10 18:46:26,2420
2021-02-10 18:47:26,2408
2021-02-10 18:48:26,2408
2021-02-10 18:49:26,2408
2021-02-10 18:51:27,2408
2021-02-10 18:52:27,2422
2021-02-10 18:53:27,2422
2021-02-10 18:54:27,2431
2021-02-10 18:55:27,2431
2021-02-10 18:56:27,2437
2021-02-10 18:57:27,2437
2021-02-10 18:58:28,2439
2021-02-10 18:59:28,2439
2021-02-10 19:00:28,2441
2021-02-10 19:01:28,2441
2021-02-10 19:02:28,2439
2021-02-10 19:04:28,2439
2021-02-10 19:05:28,2443
2021-02-10 19:06:29,2443
2021-02-10 19:07:29,2446
2021-02-10 19:08:29,2446
2021-02-10 19:09:29,2445
2021-02-10 19:10:29,2445
2021-02-10 19:11:29,2450
2021-02-10 19:12:29,2450
2021-02-10 19:13:29,2456
2021-02-10 19:15:30,2456
2021-02-10 19:16:30,2466
2021-02-10 19:17:30,2466
2021-02-10 19:18:30,2471
2021-02-10 19:19:30,2471
2021-02-10 19:20:30,2479
2021-02-10 19:21:30,2479
2021-02-10 19:22:31,2484
2021-02-10 19:23:31,2484
2021-02-10 19:24:31,2486
2021-02-10 19:25:31,2486
2021-02-10 19:26:31,2485
2021-02-10 19:28:31,2485
2021-02-10 19:29:32,2486
2021-02-10 19:30:32,2486
2021-02-10 19:31:32,2481
2021-02-10 19:32:32,2481
2021-02-10 19:33:32,2479
2021-02-10 19:34:32,2479
2021-02-10 19:35:32,2479
2021-02-10 19:37:33,2479
2021-02-10 19:38:33,2476
2021-02-10 19:39:33,2476
2021-02-10 19:40:33,2484
2021-02-10 19:41:33,2484
2021-02-10 19:42:34,2494
2021-02-10 19:43:34,2494
2021-02-10 19:44:34,2484
2021-02-10 19:45:34,2484
2021-02-10 19:46:34,2476
2021-02-10 19:47:34,2476
2021-02-10 19:48:34,2464
2021-02-10 19:49:34,2464
2021-02-10 19:50:35,2452
2021-02-10 19:52:35,2452
2021-02-10 19:53:35,2448
2021-02-10 19:54:35,2448
2021-02-10 19:55:35,2445
2021-02-10 19:56:35,2445
2021-02-10 19:57:35,2437
2021-02-10 19:58:36,2437
2021-02-10 19:59:36,2427
2021-02-10 20:00:36,2427
2021-02-10 20:01:36,2422
2021-02-10 20:02:36,2422
2021-02-10 20:03:36,2411
2021-02-10 20:04:37,2411
2021-02-10 20:05:37,2400
2021-02-10 20:06:37,2400
2021-02-10 20:07:37,2393
2021-02-10 20:08:37,2393
2021-02-10 20:09:37,2383
2021-02-10 20:11:37,2383
2021-02-10 20:12:38,2369
2021-02-10 20:13:38,2369
2021-02-10 20:14:38,2361
2021-02-10 20:15:38,2361
2021-02-10 20:16:38,2354
2021-02-10 20:17:38,2354
2021-02-10 20:18:38,2349
2021-02-10 20:20:39,2349
2021-02-10 20:21:39,2341
2021-02-10 20:22:39,2341
2021-02-10 20:23:39,2334
2021-02-10 20:24:39,2334
2021-02-10 20:25:39,2324
2021-02-10 20:26:40,2324
2021-02-10 20:27:40,2310
2021-02-10 20:29:40,2310
2021-02-10 20:30:40,2301
2021-02-10 20:31:40,2301
2021-02-10 20:32:41,2291
2021-02-10 20:33:41,2291
2021-02-10 20:34:41,2280
2021-02-10 20:36:41,2280
2021-02-10 20:37:41,2265
2021-02-10 20:38:41,2265
2021-02-10 20:39:41,2248
2021-02-10 20:40:42,2248
2021-02-10 20:41:42,2228
2021-02-10 20:43:42,2228
2021-02-10 20:44:42,2209
2021-02-10 20:45:42,2209
2021-02-10 20:46:43,2193
2021-02-10 20:47:43,2193
2021-02-10 20:48:43,2176
2021-02-10 20:49:43,2176
2021-02-10 20:50:43,2155
2021-02-10 20:52:44,2155
2021-02-10 20:53:44,2138
2021-02-10 20:54:44,2138
2021-02-10 20:55:44,2121
2021-02-10 20:56:44,2121
2021-02-10 20:57:44,2107
2021-02-10 20:58:44,2107
2021-02-10 20:59:45,2094
2021-02-10 21:01:45,2094
2021-02-10 21:02:45,2080
2021-02-10 21:03:45,2080
2021-02-10 21:04:45,2067
2021-02-10 21:06:45,2067
2021-02-10 21:07:46,2049
2021-02-10 21:08:46,2049
2021-02-10 21:09:46,2037
2021-02-10 21:10:46,2037
2021-02-10 21:11:46,2023
2021-02-10 21:12:47,2023
2021-02-10 21:13:47,2012
2021-02-10 21:14:47,2012
2021-02-10 21:15:47,1999
2021-02-10 21:16:47,1999
2021-02-10 21:17:47,1988
2021-02-10 21:19:48,1988
2021-02-10 21:20:48,1977
2021-02-10 21:21:48,1977
2021-02-10 21:22:48,1961
2021-02-10 21:23:48,1961
2021-02-10 21:24:48,1947
2021-02-10 21:25:49,1947
2021-02-10 21:26:49,1934
2021-02-10 21:27:49,1934
2021-02-10 21:28:49,1920
2021-02-10 21:30:49,1920
2021-02-10 21:31:49,1903
2021-02-10 21:32:50,1903
2021-02-10 21:33:50,1889
2021-02-10 21:34:50,1889
2021-02-10 21:35:50,1873
2021-02-10 21:37:50,1873
2021-02-10 21:38:50,1856
2021-02-10 21:39:51,1856
2021-02-10 21:40:51,1842
2021-02-10 21:41:51,1842
2021-02-10 21:42:51,1829
2021-02-10 21:43:51,1829
2021-02-10 21:44:51,1815
2021-02-10 21:46:52,1815
2021-02-10 21:47:52,1799
2021-02-10 21:48:52,1799
2021-02-10 21:49:52,1785
2021-02-10 21:51:52,1785
2021-02-10 21:52:52,1773
2021-02-10 21:53:53,1773
2021-02-10 21:54:53,1759
2021-02-10 21:56:53,1759
2021-02-10 21:57:53,1745
2021-02-10 21:58:53,1745
2021-02-10 21:59:53,1732
2021-02-10 22:01:54,1732
2021-02-10 22:02:54,1718
2021-02-10 22:04:54,1718
2021-02-10 22:05:54,1701
2021-02-10 22:06:55,1701
2021-02-10 22:07:55,1682
2021-02-10 22:09:55,1682
2021-02-10 22:10:55,1667
2021-02-10 22:11:56,1667
2021-02-10 22:12:56,1652
2021-02-10 22:14:56,1652
2021-02-10 22:15:56,1633
2021-02-10 22:16:56,1633
2021-02-10 22:17:56,1618
2021-02-10 22:18:57,1618
2021-02-10 22:19:57,1602
2021-02-10 22:20:57,1602
2021-02-10 22:21:57,1588
2021-02-10 22:22:57,1588
2021-02-10 22:23:57,1573
2021-02-10 22:25:57,1573
2021-02-10 22:26:58,1559
2021-02-10 22:27:58,1559
2021-02-10 22:28:58,1546
2021-02-10 22:29:58,1546
2021-02-10 22:30:58,1534
2021-02-10 22:31:58,1534
2021-02-10 22:32:59,1523
2021-02-10 22:34:59,1523
2021-02-10 22:35:59,1509
2021-02-10 22:36:59,1509
2021-02-10 22:38:00,1495
2021-02-10 22:39:00,1495
2021-02-10 22:40:00,1478
2021-02-10 22:42:00,1478
2021-02-10 22:43:00,1465
2021-02-10 22:44:00,1465
2021-02-10 22:45:01,1452
2021-02-10 22:46:01,1452
2021-02-10 22:47:01,1438
2021-02-10 22:49:01,1438
2021-02-10 22:50:01,1423
2021-02-10 22:51:02,1423
2021-02-10 22:52:02,1410
2021-02-10 22:54:02,1410
2021-02-10 22:55:02,1397
2021-02-10 22:56:02,1397
2021-02-10 22:57:02,1384
2021-02-10 22:59:02,1384
2021-02-10 23:00:03,1371
2021-02-10 23:02:03,1371
2021-02-10 23:03:03,1359
2021-02-10 23:05:03,1359
2021-02-10 23:06:03,1345
2021-02-10 23:07:03,1345
2021-02-10 23:08:03,1332
2021-02-10 23:10:04,1332
2021-02-10 23:11:04,1318
2021-02-10 23:13:04,1318
2021-02-10 23:14:04,1304
2021-02-10 23:16:04,1304
2021-02-10 23:17:04,1290
2021-02-10 23:19:04,1290
2021-02-10 23:20:05,1277
2021-02-10 23:22:05,1277
2021-02-10 23:23:05,1263
2021-02-10 23:24:05,1263
2021-02-10 23:25:05,1254
2021-02-10 23:27:05,1254
2021-02-10 23:28:05,1240
2021-02-10 23:29:05,1240
2021-02-10 23:30:06,1228
2021-02-10 23:32:06,1228
2021-02-10 23:33:06,1214
2021-02-10 23:35:06,1214
2021-02-10 23:36:06,1201
2021-02-10 23:38:06,1201
2021-02-10 23:39:06,1187
2021-02-10 23:41:07,1187
2021-02-10 23:42:07,1173
2021-02-10 23:44:07,1173
2021-02-10 23:45:07,1160
2021-02-10 23:47:07,1160
2021-02-10 23:48:08,1146
2021-02-10 23:50:08,1146
2021-02-10 23:51:08,1133
2021-02-10 23:53:08,1133
2021-02-10 23:54:08,1120
2021-02-10 23:55:08,1120
2021-02-10 23:56:08,1107
2021-02-10 23:58:09,1107
2021-02-10 23:59:09,1097
2021-02-11 00:01:09,1097
2021-02-11 00:02:09,1084
2021-02-11 00:03:09,1084
2021-02-11 00:04:09,1075
2021-02-11 00:06:10,1075
2021-02-11 00:07:10,1061
2021-02-11 00:09:10,1061
2021-02-11 00:10:10,1048
2021-02-11 00:12:10,1048
2021-02-11 00:13:10,1035
2021-02-11 00:15:11,1035
2021-02-11 00:16:11,1026
2021-02-11 00:17:11,1026
2021-02-11 00:18:11,1018
2021-02-11 00:19:11,1018
2021-02-11 00:20:11,1009
2021-02-11 00:21:11,1009
2021-02-11 00:22:11,1000
2021-02-11 00:24:12,1000
2021-02-11 00:25:12,992
2021-02-11 00:26:12,992
2021-02-11 00:27:12,984
2021-02-11 00:30:12,984
2021-02-11 00:31:12,971
2021-02-11 00:32:13,971
2021-02-11 00:33:13,964
2021-02-11 00:34:13,964
2021-02-11 00:35:13,958
2021-02-11 00:37:13,958
2021-02-11 00:38:13,952
2021-02-11 00:39:13,952
2021-02-11 00:40:13,946
2021-02-11 00:42:14,946
2021-02-11 00:43:14,940
2021-02-11 00:44:14,940
2021-02-11 00:45:14,933
2021-02-11 00:47:14,933
2021-02-11 00:48:15,927
2021-02-11 00:49:15,927
2021-02-11 00:50:15,921
2021-02-11 00:52:15,921
2021-02-11 00:53:15,915
2021-02-11 00:54:15,915
2021-02-11 00:55:15,909
2021-02-11 00:57:15,909
2021-02-11 00:58:16,900
2021-02-11 00:59:16,900
2021-02-11 01:00:16,894
2021-02-11 01:01:16,894
2021-02-11 01:02:16,888
2021-02-11 01:04:16,888
2021-02-11 01:05:17,883
2021-02-11 01:06:17,883
2021-02-11 01:07:17,877
2021-02-11 01:09:17,877
2021-02-11 01:10:17,871
2021-02-11 01:11:17,871
2021-02-11 01:12:17,865
2021-02-11 01:13:17,865
2021-02-11 01:14:18,859
2021-02-11 01:16:18,859
2021-02-11 01:17:18,854
2021-02-11 01:18:18,854
2021-02-11 01:19:18,848
2021-02-11 01:21:18,848
2021-02-11 01:22:18,842
2021-02-11 01:23:19,842
2021-02-11 01:24:19,836
2021-02-11 01:25:19,836
2021-02-11 01:26:19,830
2021-02-11 01:28:19,830
2021-02-11 01:29:19,822
2021-02-11 01:31:19,822
2021-02-11 01:32:19,817
2021-02-11 01:34:20,817
2021-02-11 01:35:20,810
2021-02-11 01:37:20,810
2021-02-11 01:38:20,803
2021-02-11 01:40:20,803
2021-02-11 01:41:20,796
2021-02-11 01:44:21,796
2021-02-11 01:45:21,790
2021-02-11 01:46:21,790
2021-02-11 01:47:21,786
2021-02-11 01:48:21,786
2021-02-11 01:49:21,781
2021-02-11 01:50:21,781
2021-02-11 01:51:22,777
2021-02-11 01:54:22,777
2021-02-11 01:55:22,770
2021-02-11 01:56:22,770
2021-02-11 01:57:22,766
2021-02-11 01:59:22,766
2021-02-11 02:00:22,761
2021-02-11 02:02:23,761
2021-02-11 02:03:23,755
2021-02-11 02:05:23,755
2021-02-11 02:06:23,750
2021-02-11 02:08:23,750
2021-02-11 02:09:23,745
2021-02-11 02:11:24,745
2021-02-11 02:12:24,739
2021-02-11 02:15:24,739
2021-02-11 02:16:24,735
2021-02-11 02:18:25,735
2021-02-11 02:19:25,730
2021-02-11 02:20:25,730
2021-02-11 02:21:25,727
2021-02-11 02:22:25,727
2021-02-11 02:23:25,724
2021-02-11 02:25:25,724
2021-02-11 02:26:26,721
2021-02-11 02:27:26,721
2021-02-11 02:28:26,718
2021-02-11 02:30:26,718
2021-02-11 02:31:26,713
2021-02-11 02:34:27,713
2021-02-11 02:35:27,708
2021-02-11 02:36:27,708
2021-02-11 02:37:27,704
2021-02-11 02:38:27,704
2021-02-11 02:39:27,701
2021-02-11 02:41:27,701
2021-02-11 02:42:28,698
2021-02-11 02:44:28,698
2021-02-11 02:45:28,693
2021-02-11 02:46:28,693
2021-02-11 02:47:28,691
2021-02-11 02:49:29,691
2021-02-11 02:50:29,687
2021-02-11 02:53:29,687
2021-02-11 02:54:29,683
2021-02-11 02:56:29,683
2021-02-11 02:57:30,679
2021-02-11 02:59:30,679
2021-02-11 03:00:30,675
2021-02-11 03:02:30,675
2021-02-11 03:03:30,672
2021-02-11 03:05:31,672
2021-02-11 03:06:31,669
2021-02-11 03:08:31,669
2021-02-11 03:09:31,666
2021-02-11 03:11:31,666
2021-02-11 03:12:31,665
2021-02-11 03:14:32,665
2021-02-11 03:15:32,663
2021-02-11 03:17:32,663
2021-02-11 03:18:32,663
2021-02-11 03:20:33,663
2021-02-11 03:21:33,661
2021-02-11 03:22:33,661
2021-02-11 03:23:33,660
2021-02-11 03:25:33,660
2021-02-11 03:26:33,659
2021-02-11 03:28:34,659
2021-02-11 03:29:34,658
2021-02-11 03:31:34,658
2021-02-11 03:32:34,657
2021-02-11 03:34:34,657
2021-02-11 03:35:34,657
2021-02-11 03:37:35,657
2021-02-11 03:38:35,657
2021-02-11 03:41:35,657
2021-02-11 03:42:35,657
2021-02-11 03:44:35,657
2021-02-11 03:45:35,657
2021-02-11 03:47:36,657
2021-02-11 03:48:36,656
2021-02-11 03:50:36,656
2021-02-11 03:51:36,655
2021-02-11 03:53:36,655
2021-02-11 03:54:37,655
2021-02-11 03:56:37,655
2021-02-11 03:57:37,654
2021-02-11 03:59:37,654
2021-02-11 04:00:37,654
2021-02-11 04:02:38,654
2021-02-11 04:03:38,654
2021-02-11 04:05:38,654
2021-02-11 04:06:38,655
2021-02-11 04:07:38,655
2021-02-11 04:08:38,655
2021-02-11 04:10:39,655
2021-02-11 04:11:39,656
2021-02-11 04:13:39,656
2021-02-11 04:14:39,657
2021-02-11 04:15:39,657
2021-02-11 04:16:39,657
2021-02-11 04:18:40,657
2021-02-11 04:19:40,658
2021-02-11 04:21:40,658
2021-02-11 04:22:40,659
2021-02-11 04:24:40,659
2021-02-11 04:25:40,661
2021-02-11 04:26:41,661
2021-02-11 04:27:41,662
2021-02-11 04:29:41,662
2021-02-11 04:30:41,663
2021-02-11 04:32:41,663
2021-02-11 04:33:41,664
2021-02-11 04:35:42,664
2021-02-11 04:36:42,665
2021-02-11 04:38:42,665
2021-02-11 04:39:42,666
2021-02-11 04:40:42,666
2021-02-11 04:41:42,669
2021-02-11 04:43:43,669
2021-02-11 04:44:43,670
2021-02-11 04:45:43,670
2021-02-11 04:46:43,672
2021-02-11 04:48:43,672
2021-02-11 04:49:44,674
2021-02-11 04:51:44,674
2021-02-11 04:52:44,677
2021-02-11 04:53:44,677
2021-02-11 04:54:44,681
2021-02-11 04:56:44,681
2021-02-11 04:57:45,684
2021-02-11 04:58:45,684
2021-02-11 04:59:45,688
2021-02-11 05:01:45,688
2021-02-11 05:02:45,692
2021-02-11 05:03:45,692
2021-02-11 05:04:46,694
2021-02-11 05:06:46,694
2021-02-11 05:07:46,698
2021-02-11 05:08:46,698
2021-02-11 05:09:46,703
2021-02-11 05:11:47,703
2021-02-11 05:12:47,711
2021-02-11 05:13:47,711
2021-02-11 05:14:47,719
2021-02-11 05:16:47,719
2021-02-11 05:17:47,727
2021-02-11 05:19:48,727
2021-02-11 05:20:48,737
2021-02-11 05:21:48,737
2021-02-11 05:22:48,742
2021-02-11 05:23:48,742
2021-02-11 05:24:48,747
2021-02-11 05:26:49,747
2021-02-11 05:27:49,753
2021-02-11 05:29:49,753
2021-02-11 05:30:49,760
2021-02-11 05:31:49,760
2021-02-11 05:32:49,767
2021-02-11 05:34:50,767
2021-02-11 05:35:50,775
2021-02-11 05:36:50,775
2021-02-11 05:37:50,784
2021-02-11 05:38:50,784
2021-02-11 05:39:50,794
2021-02-11 05:41:51,794
2021-02-11 05:42:51,807
2021-02-11 05:43:51,807
2021-02-11 05:44:51,819
2021-02-11 05:45:51,819
2021-02-11 05:46:51,830
2021-02-11 05:47:51,830
2021-02-11 05:48:52,842
2021-02-11 05:50:52,842
2021-02-11 05:51:52,853
2021-02-11 05:52:52,853
2021-02-11 05:53:53,868
2021-02-11 05:54:53,868
2021-02-11 05:55:53,883
2021-02-11 05:56:53,883
2021-02-11 05:57:53,903
2021-02-11 05:59:54,903
2021-02-11 06:00:54,921
2021-02-11 06:01:54,921
2021-02-11 06:02:54,939
2021-02-11 06:04:54,939
2021-02-11 06:05:55,963
2021-02-11 06:06:55,963
2021-02-11 06:07:55,986
2021-02-11 06:08:55,986
2021-02-11 06:09:55,1008
2021-02-11 06:10:55,1008
2021-02-11 06:11:55,1031
2021-02-11 06:12:56,1031
2021-02-11 06:13:56,1057
2021-02-11 06:15:56,1057
2021-02-11 06:16:56,1079
2021-02-11 06:17:56,1079
2021-02-11 06:18:56,1106
2021-02-11 06:19:57,1106
2021-02-11 06:20:57,1134
2021-02-11 06:22:57,1134
2021-02-11 06:23:57,1162
2021-02-11 06:24:57,1162
2021-02-11 06:25:57,1189
2021-02-11 06:27:58,1189
2021-02-11 06:28:58,1216
2021-02-11 06:29:58,1216
2021-02-11 06:30:58,1244
2021-02-11 06:32:58,1244
2021-02-11 06:33:58,1274
2021-02-11 06:34:58,1274
2021-02-11 06:35:59,1304
2021-02-11 06:36:59,1304
2021-02-11 06:37:59,1337
2021-02-11 06:38:59,1337
2021-02-11 06:39:59,1368
2021-02-11 06:40:59,1368
2021-02-11 06:41:59,1401
2021-02-11 06:44:00,1401
2021-02-11 06:45:00,1433
2021-02-11 06:46:00,1433
2021-02-11 06:47:01,1463
2021-02-11 06:48:01,1463
2021-02-11 06:49:01,1496
2021-02-11 06:50:01,1496
2021-02-11 06:51:01,1532
2021-02-11 06:52:01,1532
2021-02-11 06:53:01,1564
2021-02-11 06:54:02,1564
2021-02-11 06:55:02,1597
2021-02-11 06:56:02,1597
2021-02-11 06:57:02,1633
2021-02-11 06:58:02,1633
2021-02-11 06:59:02,1670
2021-02-11 07:01:03,1670
2021-02-11 07:02:03,1705
2021-02-11 07:03:03,1705
2021-02-11 07:04:03,1738
2021-02-11 07:05:03,1738
2021-02-11 07:06:03,1769
2021-02-11 07:07:03,1769
2021-02-11 07:08:04,1802
2021-02-11 07:09:04,1802
2021-02-11 07:10:04,1832
2021-02-11 07:11:04,1832
2021-02-11 07:12:05,1861
2021-02-11 07:14:05,1861
2021-02-11 07:15:05,1896
2021-02-11 07:16:05,1896
2021-02-11 07:17:05,1931
2021-02-11 07:18:05,1931
2021-02-11 07:19:05,1968
2021-02-11 07:20:06,1968
2021-02-11 07:21:06,2006
2021-02-11 07:23:06,2006
2021-02-11 07:24:06,2042
2021-02-11 07:25:06,2042
2021-02-11 07:26:06,2078
2021-02-11 07:27:07,2078
2021-02-11 07:28:07,2106
2021-02-11 07:29:07,2106
2021-02-11 07:30:07,2136
2021-02-11 07:31:07,2136
2021-02-11 07:32:07,2162
2021-02-11 07:34:08,2162
2021-02-11 07:35:08,2189
2021-02-11 07:36:08,2189
2021-02-11 07:37:08,2216
2021-02-11 07:38:08,2216
2021-02-11 07:39:08,2247
2021-02-11 07:40:08,2247
2021-02-11 07:41:09,2276
2021-02-11 07:42:09,2276
2021-02-11 07:43:09,2305
2021-02-11 07:44:09,2305
2021-02-11 07:45:09,2335
2021-02-11 07:46:09,2335
2021-02-11 07:47:09,2364
2021-02-11 07:48:09,2364
2021-02-11 07:49:10,2393
2021-02-11 07:51:10,2393
2021-02-11 07:52:10,2415
2021-02-11 07:53:10,2415
2021-02-11 07:54:10,2439
2021-02-11 07:55:10,2439
2021-02-11 07:56:10,2459
2021-02-11 07:57:11,2459
2021-02-11 07:58:11,2471
2021-02-11 07:59:11,2471
2021-02-11 08:00:11,2489
2021-02-11 08:01:11,2489
2021-02-11 08:02:11,2508
2021-02-11 08:04:12,2508
2021-02-11 08:05:12,2524
2021-02-11 08:06:12,2524
2021-02-11 08:07:12,2546
2021-02-11 08:08:12,2546
2021-02-11 08:09:12,2563
2021-02-11 08:10:13,2563
2021-02-11 08:11:13,2575
2021-02-11 08:12:13,2575
2021-02-11 08:13:13,2593
2021-02-11 08:15:13,2593
2021-02-11 08:16:13,2603
2021-02-11 08:17:14,2603
2021-02-11 08:18:14,2614
2021-02-11 08:19:14,2614
2021-02-11 08:20:14,2621
2021-02-11 10:55:14,0
2021-02-11 11:10:16,0
2021-02-11 11:17:16,0
2021-02-11 11:18:17,1300
2021-02-11 11:22:17,1300
2021-02-11 11:23:17,1848
2021-02-11 11:28:18,1848
2021-02-11 11:29:18,2031
2021-02-11 11:33:18,2031
2021-02-11 11:34:19,2044
2021-02-11 11:38:19,2044
2021-02-11 11:39:19,2067
2021-02-11 11:43:20,2067
2021-02-11 11:44:20,2142
2021-02-11 11:49:21,2142
2021-02-11 11:50:21,2149
2021-02-11 11:54:21,2149
2021-02-11 11:55:22,2187
2021-02-11 11:59:22,2187
2021-02-11 12:00:22,2218
2021-02-11 12:04:23,2218
2021-02-11 12:05:23,2246
2021-02-11 12:09:23,2246
2021-02-11 12:10:24,2263
2021-02-11 12:13:24,2263
2021-02-11 12:14:24,2333
2021-02-11 12:15:24,2333
2021-02-11 12:16:25,2349
2021-02-11 12:17:25,2349
2021-02-11 12:18:25,2427
2021-02-11 12:19:25,2427
2021-02-11 12:20:25,2454
2021-02-11 12:22:25,2454
2021-02-11 12:23:25,2473
2021-02-11 12:24:26,2473
2021-02-11 12:25:26,2481
2021-02-11 12:26:26,2481
2021-02-11 12:27:26,2493
2021-02-11 12:28:26,2493
2021-02-11 12:29:26,2502
2021-02-11 12:30:26,2502
2021-02-11 12:31:27,2508
2021-02-11 12:33:27,2508
2021-02-11 12:34:27,2507
2021-02-11 12:35:27,2507
2021-02-11 12:36:27,2525
2021-02-11 12:37:28,2525
2021-02-11 12:38:28,2544
2021-02-11 12:39:28,2544
2021-02-11 12:40:28,2551
2021-02-11 12:42:28,2551
2021-02-11 12:43:28,2561
2021-02-11 12:44:28,2561
2021-02-11 12:45:29,2573
2021-02-11 12:46:29,2573
2021-02-11 12:47:29,2589
2021-02-11 12:48:29,2589
2021-02-11 12:49:29,2612
2021-02-11 12:50:29,2612
2021-02-11 12:51:29,2635
2021-02-11 12:53:30,2635
2021-02-11 12:54:30,2648
2021-02-11 12:55:30,2648
2021-02-11 12:56:30,2656
2021-02-11 12:57:30,2656
2021-02-11 12:58:30,2652
2021-02-11 12:59:30,2652
2021-02-11 13:00:31,2660
2021-02-11 13:01:31,2660
2021-02-11 13:02:31,2667
2021-02-11 13:04:31,2667
2021-02-11 13:05:31,2673
2021-02-11 13:06:31,2673
2021-02-11 13:07:31,2678
2021-02-11 13:08:32,2678
2021-02-11 13:09:32,2681
2021-02-11 13:10:32,2681
2021-02-11 13:11:32,2686
2021-02-11 13:12:32,2686
2021-02-11 13:13:32,2692
2021-02-11 13:14:32,2692
2021-02-11 13:15:33,2694
2021-02-11 13:16:33,2694
2021-02-11 13:17:33,2694
2021-02-11 13:19:33,2694
2021-02-11 13:20:33,2690
2021-02-11 13:21:34,2690
2021-02-11 13:22:34,2688
2021-02-11 13:23:34,2688
2021-02-11 13:24:34,2681
2021-02-11 13:25:34,2681
2021-02-11 13:26:34,2650
2021-02-11 13:27:35,2650
2021-02-11 13:28:35,2647
2021-02-11 13:30:35,2647
2021-02-11 13:31:35,2645
2021-02-11 13:32:35,2645
2021-02-11 13:33:36,2596
2021-02-11 13:34:36,2596
2021-02-11 13:35:36,2573
2021-02-11 13:36:36,2573
2021-02-11 13:37:36,2555
2021-02-11 13:38:36,2555
2021-02-11 13:39:36,2538
2021-02-11 13:40:36,2538
2021-02-11 13:41:37,2526
2021-02-11 13:43:37,2526
2021-02-11 13:44:37,2515
2021-02-11 13:45:37,2515
2021-02-11 13:46:37,2504
2021-02-11 13:47:38,2504
2021-02-11 13:48:38,2488
2021-02-11 13:49:38,2488
2021-02-11 13:50:38,2481
2021-02-11 13:51:38,2481
2021-02-11 13:52:38,2471
2021-02-11 13:53:39,2471
2021-02-11 13:54:39,2465
2021-02-11 13:55:39,2465
2021-02-11 13:56:39,2456
2021-02-11 13:57:39,2456
2021-02-11 13:58:39,2450
2021-02-11 14:00:40,2450
2021-02-11 14:01:40,2443
2021-02-11 14:02:40,2443
2021-02-11 14:03:40,2440
2021-02-11 14:04:40,2440
2021-02-11 14:05:40,2431
2021-02-11 14:06:41,2431
2021-02-11 14:07:41,2412
2021-02-11 14:08:41,2412
2021-02-11 14:09:41,2394
2021-02-11 14:10:41,2394
2021-02-11 14:11:41,2378
2021-02-11 14:12:42,2378
2021-02-11 14:13:42,2363
2021-02-11 14:14:42,2363
2021-02-11 14:15:42,2353
2021-02-11 14:17:42,2353
2021-02-11 14:18:43,2341
2021-02-11 14:19:43,2341
2021-02-11 14:20:43,2339
2021-02-11 14:21:43,2339
2021-02-11 14:22:43,2330
2021-02-11 14:23:43,2330
2021-02-11 14:24:43,2323
2021-02-11 14:26:44,2323
2021-02-11 14:27:44,2312
2021-02-11 14:28:44,2312
2021-02-11 14:29:44,2292
2021-02-11 14:30:44,2292
2021-02-11 14:31:44,2277
2021-02-11 14:32:44,2277
2021-02-11 14:33:45,2260
2021-02-11 14:35:45,2260
2021-02-11 14:36:45,2240
2021-02-11 14:37:45,2240
2021-02-11 14:38:46,2226
2021-02-11 14:39:46,2226
2021-02-11 14:40:46,2215
2021-02-11 14:41:46,2215
2021-02-11 14:42:46,2213
2021-02-11 14:43:46,2213
2021-02-11 14:44:46,2206
2021-02-11 14:46:46,2206
2021-02-11 14:47:47,2204
2021-02-11 14:48:47,2204
2021-02-11 14:49:47,2197
2021-02-11 14:50:47,2197
2021-02-11 14:51:47,2190
2021-02-11 14:52:47,2190
2021-02-11 14:53:47,2174
2021-02-11 14:55:47,2174
2021-02-11 14:56:48,2161
2021-02-11 14:57:48,2161
2021-02-11 14:58:48,2154
2021-02-11 14:59:48,2154
2021-02-11 15:00:48,2143
2021-02-11 15:02:48,2143
2021-02-11 15:03:48,2135
2021-02-11 15:04:49,2135
2021-02-11 15:05:49,2126
2021-02-11 15:06:49,2126
2021-02-11 15:07:49,2119
2021-02-11 15:09:49,2119
2021-02-11 15:10:49,2112
2021-02-11 15:11:49,2112
2021-02-11 15:12:49,2098
2021-02-11 15:13:50,2098
2021-02-11 15:14:50,2081
2021-02-11 15:15:50,2081
2021-02-11 15:16:50,2071
2021-02-11 15:18:50,2071
2021-02-11 15:19:50,2069
2021-02-11 15:20:50,2069
2021-02-11 15:21:50,2062
2021-02-11 15:22:51,2062
2021-02-11 15:23:51,2057
2021-02-11 15:24:51,2057
2021-02-11 15:25:51,2043
2021-02-11 15:27:51,2043
2021-02-11 15:28:51,2044
2021-02-11 15:29:51,2044
2021-02-11 15:30:51,2047
2021-02-11 15:31:51,2047
2021-02-11 15:32:52,2047
2021-02-11 15:33:52,2047
2021-02-11 15:34:52,2040
2021-02-11 15:35:52,2040
2021-02-11 15:36:52,2037
2021-02-11 15:38:52,2037
2021-02-11 15:39:52,2038
2021-02-11 15:40:52,2038
2021-02-11 15:41:52,2048
2021-02-11 15:42:53,2048
2021-02-11 15:43:53,2051
2021-02-11 15:44:53,2051
2021-02-11 15:45:53,2048
2021-02-11 15:47:53,2048
2021-02-11 15:48:53,2042
2021-02-11 15:49:53,2042
2021-02-11 15:50:53,2042
2021-02-11 15:51:53,2042
2021-02-11 15:52:54,2034
2021-02-11 15:53:54,2034
2021-02-11 15:54:54,2034
2021-02-11 15:56:54,2034
2021-02-11 15:57:54,2031
2021-02-11 15:58:54,2031
2021-02-11 15:59:54,2045
2021-02-11 16:00:54,2045
2021-02-11 16:01:55,2052
2021-02-11 16:03:55,2052
2021-02-11 16:04:55,2060
2021-02-11 16:05:55,2060
2021-02-11 16:06:55,2075
2021-02-11 16:07:55,2075
2021-02-11 16:08:56,2090
2021-02-11 16:09:56,2090
2021-02-11 16:10:56,2089
2021-02-11 16:11:56,2089
2021-02-11 16:12:56,2082
2021-02-11 16:13:56,2082
2021-02-11 16:14:56,2087
2021-02-11 16:15:56,2087
2021-02-11 16:16:56,2090
2021-02-11 16:17:57,2090
2021-02-11 16:18:57,2099
2021-02-11 16:19:57,2099
2021-02-11 16:20:57,2101
2021-02-11 16:21:57,2101
2021-02-11 16:22:57,2109
2021-02-11 16:24:57,2109
2021-02-11 16:25:57,2114
2021-02-11 16:26:58,2114
2021-02-11 16:27:58,2106
2021-02-11 16:28:58,2106
2021-02-11 16:29:58,2110
2021-02-11 16:30:58,2110
2021-02-11 16:31:58,2112
2021-02-11 16:32:58,2112
2021-02-11 16:33:58,2114
2021-02-11 16:34:58,2114
2021-02-11 16:35:59,2116
2021-02-11 16:37:59,2116
2021-02-11 16:38:59,2130
2021-02-11 16:39:59,2130
2021-02-11 16:40:59,2152
2021-02-11 16:41:59,2152
2021-02-11 16:42:59,2168
2021-02-11 16:43:59,2168
2021-02-11 16:44:59,2182
2021-02-11 16:46:00,2182
2021-02-11 16:47:00,2184
2021-02-11 16:48:00,2184
2021-02-11 16:49:00,2201
2021-02-11 16:50:00,2201
2021-02-11 16:51:00,2215
2021-02-11 16:52:00,2215
2021-02-11 16:53:00,2216
2021-02-11 16:55:01,2216
2021-02-11 16:56:01,2216
2021-02-11 16:57:01,2216
2021-02-11 16:58:01,2212
2021-02-11 16:59:01,2212
2021-02-11 17:00:01,2210
2021-02-11 17:01:01,2210
2021-02-11 17:02:01,2214
2021-02-11 17:03:01,2214
2021-02-11 17:04:02,2220
2021-02-11 17:06:02,2220
2021-02-11 17:07:02,2224
2021-02-11 17:08:02,2224
2021-02-11 17:09:02,2238
2021-02-11 17:10:02,2238
2021-02-11 17:11:03,2260
2021-02-11 17:12:03,2260
2021-02-11 17:13:03,2284
2021-02-11 17:14:03,2284
2021-02-11 17:15:03,2302
2021-02-11 17:17:03,2302
2021-02-11 17:18:03,2323
2021-02-11 17:19:03,2323
2021-02-11 17:20:03,2338
2021-02-11 17:21:04,2338
2021-02-11 17:22:04,2358

