Time [s],Pressure [mbar],N injection,Time opening [ms],Tau injection [ms],Mass [g]
1619068330.88814,898.8125,56,5,100,0.299
1619068333.50885,898.5625,82,5,100,0.59
1619068336.10143,898.5625,107,5,100,0.813
1619068338.7092,898.1875,133,5,100,1.077
1619068341.30103,897.75,159,5,100,1.303
1619068343.89495,897.5,185,5,100,1.561
1619068346.49786,897.3125,210,5,100,1.822
1619068349.09259,897.125,236,5,100,2.05
1619068351.71726,896.8125,262,5,100,2.313
1619068354.34025,896.5625,289,5,100,2.537
1619068356.95801,896.1875,314,5,100,2.805
1619068359.60967,896.0625,340,5,100,3.026
1619068362.2334,895.875,366,5,100,3.288
1619068364.85718,895.375,393,5,100,3.548
1619068367.49162,895.0625,418,5,100,3.787
1619068370.12424,894.75,444,5,100,4.132
1619068372.72701,894.5625,470,5,100,4.345
1619068375.35459,894.3125,497,5,100,4.608
1619068378.00203,893.875,522,5,100,4.878
1619068380.63043,893.8125,548,5,100,5.101
1619068383.26373,893.5,575,5,100,5.352
1619068385.84987,893.125,601,5,100,5.618
1619068388.45099,892.375,626,5,100,5.845
1619068391.07688,892.5,652,5,100,6.111
1619068393.6502,892.25,678,5,100,6.426
1619068396.2422,891.875,703,5,100,6.685
1619068398.83725,891.5,728,5,100,6.907
1619068401.46091,891.1875,755,5,100,7.167
1619068404.11657,890.5625,781,5,100,7.382
1619068406.73476,890.5625,806,5,100,7.734
1619068409.3569,890.5625,833,5,100,7.951
1619068411.9757,890.3125,859,5,100,8.212
1619068414.57631,889.9375,885,5,100,8.44
1619068417.17299,889.75,910,5,100,8.708
1619068419.76992,889.3125,936,5,100,8.977
1619068422.36281,889,962,5,100,9.203
1619068424.96037,888.625,988,5,100,9.482
1619068427.564,888.5625,1013,5,100,9.714
1619068430.15746,888.0625,1039,5,100,9.989
1619068432.74989,887.9375,1065,5,100,10.216
1619068435.35172,887.5,1091,5,100,10.484
1619068437.94488,887.4375,1116,5,100,10.814
1619068440.57131,886.9375,1142,5,100,11.032
1619068443.18981,886.8125,1168,5,100,11.298
1619068445.78729,886.3125,1194,5,100,11.515
1619068448.40181,886.25,1219,5,100,11.793
1619068451.05824,885.6875,1246,5,100,12.038
1619068456.27379,885.1875,1298,5,100,12.638
1619068458.87927,884.75,1323,5,100,12.854
1619068461.47366,884.5625,1349,5,100,13.118
1619068464.07923,884.25,1375,5,100,13.336
1619068466.67136,884.1875,1401,5,100,13.605
1619068469.27647,883.75,1426,5,100,13.83
1619068471.92658,883.4375,1452,5,100,14.201
1619068474.56327,883.25,1479,5,100,14.426
1619068477.18575,882.8125,1504,5,100,14.689
1619068479.80395,882.6875,1530,5,100,14.945
1619068482.40041,882.375,1556,5,100,15.164
1619068484.99953,882.25,1582,5,100,15.44
1619068487.59685,881.625,1607,5,100,15.663
1619068490.19228,881.5625,1633,5,100,15.935
1619068492.8182,881.25,1659,5,100,16.167
1619068495.43311,880.8125,1685,5,100,16.464
1619068498.03248,880.625,1710,5,100,16.79
1619068500.63052,880.375,1736,5,100,17.009
1619068503.23697,880.0625,1762,5,100,17.26
1619068505.83022,880,1788,5,100,17.527
1619068508.45397,879.3125,1814,5,100,17.752
1619068511.10158,879.3125,1840,5,100,17.988
1619068513.71765,878.9375,1866,5,100,18.326
1619068516.31185,878.625,1892,5,100,18.586
1619068518.91392,878.5,1917,5,100,18.802
1619068521.51122,878.125,1943,5,100,19.066
1619068524.10736,877.875,1969,5,100,19.287
1619068526.70384,877.3125,1995,5,100,19.55
1619068529.30836,877.125,2020,5,100,19.782
1619068531.89779,876.9375,2046,5,100,20.135
1619068534.52448,877,2072,5,100,20.394
1619068537.14523,876.5,2099,5,100,20.613
1619068539.76423,876.1875,2124,5,100,20.88
1619068542.41898,875.8125,2150,5,100,21.112
1619068545.06245,875.5,2177,5,100,21.381
1619068547.68789,875.1875,2202,5,100,21.731
1619068550.30715,874.8125,2228,5,100,21.955
1619068552.92974,874.75,2254,5,100,22.213
1619068555.52245,874.1875,2280,5,100,22.427
1619068558.1506,874.25,2306,5,100,22.686
1619068563.35929,873.5,2358,5,100,23.174
1619068565.96195,873.25,2384,5,100,23.292
1619068568.56247,873,2409,5,100,23.517
1619068571.18525,872.625,2435,5,100,23.798
1619068573.80477,872.3125,2461,5,100,24.034
1619068576.41072,872.0625,2487,5,100,24.406
1619068579.04577,871.75,2513,5,100,24.63
1619068581.64243,871.625,2539,5,100,24.894
1619068584.27738,871.375,2565,5,100,25.117
1619068586.92291,870.9375,2591,5,100,25.369
1619068589.53848,870.875,2616,5,100,25.603
1619068592.14054,870.3125,2643,5,100,25.944
1619068594.7384,870.3125,2668,5,100,26.212
1619068597.33792,869.8125,2694,5,100,26.43
1619068599.91891,869.6875,2719,5,100,26.692
1619068602.52131,869.125,2745,5,100,26.907
1619068605.12313,869.125,2771,5,100,27.168
1619068607.7282,868.8125,2797,5,100,27.389
1619068610.36454,868.625,2823,5,100,27.673
1619068612.96435,868.125,2849,5,100,27.902
1619068615.5611,867.8125,2875,5,100,28.168
1619068618.15806,867.9375,2901,5,100,28.401
1619068620.79815,867.4375,2926,5,100,28.672
1619068623.40188,867,2952,5,100,28.913
1619068626.00185,866.875,2978,5,100,29.192
1619068628.59288,866.8125,3003,5,100,29.558
1619068631.18894,866.0625,3029,5,100,29.772
1619068633.81522,866.0625,3055,5,100,30.026
1619068636.43753,865.4375,3081,5,100,30.242
1619068639.03376,865.3125,3106,5,100,30.502
1619068641.63338,865,3132,5,100,30.715
1619068644.23896,864.9375,3159,5,100,30.973
1619068646.87752,864.875,3185,5,100,31.192
1619068649.47057,864.3125,3210,5,100,31.453
1619068652.06691,864.25,3236,5,100,31.81
1619068654.66703,863.75,3262,5,100,32.021
1619068657.2617,863.4375,3288,5,100,32.276
1619068659.86293,863,3313,5,100,32.489
1619068662.45927,862.6875,3339,5,100,32.744
1619068665.05522,862.75,3365,5,100,32.957
1619068667.67995,862.25,3391,5,100,33.219
1619068670.30124,862.0625,3416,5,100,33.497
1619068672.89855,861.8125,3442,5,100,33.71
1619068675.52818,861.6875,3468,5,100,33.982
1619068678.17887,861.1875,3495,5,100,34.214
1619068680.79251,860.9375,3520,5,100,34.478
1619068683.42085,861,3546,5,100,34.738
1619068686.03591,860,3572,5,100,34.977
1619068688.63265,860.0625,3598,5,100,35.237
1619068691.22884,859.875,3623,5,100,35.454
1619068693.82551,859.5625,3649,5,100,35.837
1619068696.4254,859.1875,3675,5,100,36.052
1619068699.04409,859.1875,3702,5,100,36.31
1619068701.67187,858.9375,3727,5,100,36.524
1619068704.26509,858.25,3753,5,100,36.779
1619068706.86537,857.9375,3779,5,100,36.996
1619068709.45685,857.6875,3804,5,100,37.253
1619068712.0529,857.75,3830,5,100,37.512
1619068714.6563,857.3125,3856,5,100,37.822
1619068717.28096,857.25,3882,5,100,38.078
1619068719.90132,856.5625,3907,5,100,38.334
1619068722.49556,856.5,3933,5,100,38.551
1619068725.09351,856.3125,3959,5,100,38.809
1619068727.69053,856.0625,3985,5,100,39.026
1619068730.29128,855.5625,4010,5,100,39.284
1619068732.88261,855.375,4036,5,100,39.504
1619068735.4852,855.125,4062,5,100,39.783
1619068738.07879,854.6875,4088,5,100,40.133
1619068740.70737,854.4375,4113,5,100,40.341
1619068743.35651,854.5625,4140,5,100,40.597
1619068745.97539,853.9375,4166,5,100,40.854
1619068748.59515,853.875,4192,5,100,41.068
1619068751.21686,853.3125,4217,5,100,41.327
1619068753.81779,853.25,4243,5,100,41.546
1619068756.44076,852.9375,4270,5,100,41.809
1619068759.05451,852.75,4296,5,100,42.043
1619068761.66011,852.5,4321,5,100,42.307
1619068764.25231,852.125,4347,5,100,42.53
1619068766.8527,851.6875,4373,5,100,42.897
1619068769.45064,851.75,4399,5,100,43.147
1619068772.04372,851.4375,4424,5,100,43.359
1619068774.63947,851.375,4450,5,100,43.608
1619068777.23996,850.875,4476,5,100,43.81
1619068779.84493,850.375,4502,5,100,44.065
1619068782.49102,850.5,4527,5,100,44.288
1619068785.07992,849.875,4553,5,100,44.552
1619068787.68249,849.5,4579,5,100,44.819
1619068790.27676,849.3125,4604,5,100,45.046
1619068792.90419,849.0625,4630,5,100,45.314
1619068795.52174,849.125,4656,5,100,45.543
1619068798.11791,848.5,4682,5,100,45.624
1619068800.71138,848.3125,4707,5,100,45.849
1619068803.33489,848.3125,4733,5,100,46.21
1619068805.96248,847.875,4760,5,100,46.451
1619068808.56247,847.5625,4786,5,100,46.713
1619068811.17786,847.375,4811,5,100,46.926
1619068813.80466,847,4837,5,100,47.189
1619068816.40006,846.5,4863,5,100,47.409
1619068818.99385,846.125,4889,5,100,47.672
1619068821.59598,846.125,4914,5,100,47.941
1619068824.21146,845.875,4940,5,100,48.165
1619068826.86483,845.5,4967,5,100,48.43
1619068829.4883,845.3125,4993,5,100,48.663
1619068832.08248,845.1875,5018,5,100,48.93
1619068834.68854,844.8125,5044,5,100,49.2
1619068837.32426,844.4375,5070,5,100,49.512
1619068842.51045,843.9375,5121,5,100,50.007
1619068845.147,843.6875,5148,5,100,50.219
1619068847.77062,843.25,5174,5,100,50.479
1619068850.36033,843.1875,5200,5,100,50.699
1619068852.95462,842.8125,5225,5,100,50.968
1619068855.56147,842.5,5251,5,100,51.201
1619068858.1848,842,5277,5,100,51.464
1619068860.80432,841.8125,5302,5,100,51.736
1619068863.40359,841.5625,5328,5,100,51.964
1619068865.9963,841.4375,5354,5,100,52.23
1619068868.59291,841.0625,5380,5,100,52.454
1619068871.22628,840.875,5405,5,100,52.818
1619068873.83605,840.5,5431,5,100,53.041
1619068876.43171,840.5,5457,5,100,53.294
1619068879.05219,840.25,5484,5,100,53.508
1619068881.67926,839.75,5509,5,100,53.768
1619068884.30499,839.6875,5535,5,100,53.987
1619068886.92271,839.5,5561,5,100,54.261
1619068889.52449,838.9375,5587,5,100,54.526
1619068892.1148,838.6875,5612,5,100,54.749
1619068894.71333,838.5,5638,5,100,55.015
1619068897.33862,838.4375,5664,5,100,55.24
1619068899.96475,837.9375,5691,5,100,55.51
1619068902.55998,837.3125,5716,5,100,55.734
1619068905.1737,837.5625,5742,5,100,56.043
1619068907.79906,836.9375,5768,5,100,56.354
1619068910.42792,837.0625,5794,5,100,56.567
1619068913.04584,836.5625,5820,5,100,56.824
1619068915.65319,836.125,5846,5,100,57.073
1619068918.29215,836,5872,5,100,57.297
1619068920.91239,835.6875,5898,5,100,57.555
1619068923.53348,835.5,5923,5,100,57.775
1619068926.12976,835.375,5949,5,100,58.036
1619068928.7418,835.125,5976,5,100,58.261
1619068931.37626,834.5,6002,5,100,58.534
1619068933.98695,834.25,6027,5,100,58.798
1619068936.62966,834.25,6053,5,100,59.163
1619068939.26585,834,6080,5,100,59.372
1619068941.867,833.75,6105,5,100,59.628
1619068944.46579,833.5,6131,5,100,59.841
1619068947.05252,833.125,6157,5,100,60.097
1619068949.6605,832.9375,6183,5,100,60.349
1619068952.25526,832.5625,6208,5,100,60.567
1619068954.85246,832.125,6234,5,100,60.836
1619068957.45137,832.25,6260,5,100,61.069
1619068960.04875,832,6286,5,100,61.335
1619068962.67423,831.6875,6311,5,100,61.554
1619068965.29121,831.375,6337,5,100,61.929
1619068967.89627,830.875,6363,5,100,62.138
1619068970.5387,830.8125,6390,5,100,62.397
1619068973.12699,830.5625,6414,5,100,62.611
1619068975.73398,830.0625,6440,5,100,62.861
1619068978.32563,829.8125,6466,5,100,63.09
1619068980.91279,829.6875,6492,5,100,63.307
1619068983.52304,829.6875,6517,5,100,63.569
1619068986.11665,829.3125,6543,5,100,63.823
1619068988.71738,828.6875,6569,5,100,64.037
1619068991.31807,828.6875,6595,5,100,64.302
1619068993.93251,828.1875,6620,5,100,64.652
1619068996.56046,828.125,6647,5,100,64.862
1619068999.17814,827.5625,6673,5,100,65.116
1619069001.80363,827.5625,6699,5,100,65.374
1619069004.42736,827.1875,6724,5,100,65.586
1619069007.0753,827,6751,5,100,65.837
1619069009.71682,826.625,6777,5,100,66.089
1619069012.37619,826.5625,6803,5,100,66.123
1619069014.99645,826.125,6829,5,100,66.38
1619069017.64459,826.0625,6856,5,100,66.586
1619069020.29319,825.5625,6882,5,100,66.838
1619069022.93954,825.1875,6908,5,100,67.093
1619069025.58913,825.375,6934,5,100,67.318
1619069028.23113,824.8125,6960,5,100,67.576
1619069030.87139,824.625,6987,5,100,67.797
1619069033.46926,824.1875,7012,5,100,68.052
1619069036.06095,824.25,7038,5,100,68.301
1619069038.66371,823.625,7064,5,100,68.525
1619069041.25623,823.5625,7090,5,100,68.796
1619069043.85554,823.125,7115,5,100,69.143
1619069046.45247,823.125,7141,5,100,69.323
1619069049.04742,822.875,7167,5,100,69.572
1619069051.64612,822.75,7193,5,100,69.783
1619069054.2451,822.5625,7218,5,100,70.037
1619069056.84312,821.875,7244,5,100,70.25
1619069059.4376,821.625,7269,5,100,70.512
1619069062.03563,821.625,7295,5,100,70.74
1619069064.63525,821.1875,7320,5,100,71.004
1619069067.22743,820.9375,7346,5,100,71.266
1619069069.82647,820.875,7372,5,100,71.5
1619069072.42496,820.25,7398,5,100,71.766
1619069075.02156,820.125,7423,5,100,72.06
1619069077.62328,819.8125,7449,5,100,72.308
1619069080.21851,819.8125,7475,5,100,72.563
1619069082.81108,819.4375,7501,5,100,72.774
1619069085.41108,819.0625,7526,5,100,73.034
1619069088.01766,818.875,7552,5,100,73.253
1619069090.63648,818.4375,7578,5,100,73.512
1619069093.25553,818.625,7604,5,100,73.735
1619069095.87948,817.9375,7630,5,100,73.998
1619069098.50033,817.5625,7656,5,100,74.326
1619069101.09,817.75,7682,5,100,74.579
1619069103.69357,817.5,7707,5,100,74.83
1619069106.28794,817.3125,7733,5,100,75.043
1619069108.88436,817,7759,5,100,75.295
1619069111.48465,816.6875,7785,5,100,75.505
1619069114.0996,816.1875,7810,5,100,75.762
1619069116.73372,816.25,7836,5,100,76.007
1619069119.32653,815.9375,7862,5,100,76.239
1619069121.93029,815.625,7888,5,100,76.498
1619069124.53277,815.25,7913,5,100,76.766
1619069127.1752,814.875,7940,5,100,76.994
1619069129.81611,814.75,7966,5,100,77.247
1619069132.41475,814.375,7992,5,100,77.511
1619069135.01079,814.25,8017,5,100,77.821
1619069137.60798,813.8125,8043,5,100,78.081
1619069140.20731,813.8125,8069,5,100,78.286
1619069142.80314,813.4375,8095,5,100,78.538
1619069145.39711,813.1875,8120,5,100,78.756
1619069147.98964,812.9375,8146,5,100,79.013
1619069150.59756,812.875,8172,5,100,79.224
1619069153.18923,812.5,8198,5,100,79.567
1619069155.78499,812.1875,8223,5,100,79.813
1619069158.39294,811.9375,8249,5,100,80.022
1619069161.03008,811.875,8275,5,100,80.28
1619069163.62925,811.5,8301,5,100,80.489
1619069166.22514,811.3125,8326,5,100,80.749
1619069168.82247,810.9375,8352,5,100,80.961
1619069171.42167,810.6875,8378,5,100,81.361
1619069174.01604,810.5,8403,5,100,81.595
1619069176.60995,810.0625,8429,5,100,81.78
1619069179.21465,809.75,8455,5,100,82.037
1619069181.81175,809.4375,8481,5,100,82.247
1619069184.40389,809.25,8506,5,100,82.497
1619069187.00396,808.9375,8532,5,100,82.71
1619069189.63197,809.0625,8558,5,100,82.957
1619069192.24667,808.6875,8585,5,100,83.218
1619069194.84479,808.5625,8610,5,100,83.513
1619069197.44391,807.8125,8636,5,100,83.781
1619069200.04057,807.875,8662,5,100,84.032
1619069202.63375,807.5625,8687,5,100,84.242
1619069205.23337,807.0625,8712,5,100,84.493
1619069207.82731,806.9375,8738,5,100,84.703
1619069210.45982,807.125,8765,5,100,84.961
1619069213.07738,806.75,8791,5,100,85.217
1619069215.6767,806.0625,8816,5,100,85.436
1619069218.27248,806.125,8842,5,100,85.785
1619069220.86086,805.75,8868,5,100,85.996
1619069223.46827,805.4375,8894,5,100,86.254
1619069226.06004,805.1875,8919,5,100,86.463
1619069228.65931,805.3125,8945,5,100,86.712
1619069231.261,804.875,8971,5,100,86.966
1619069233.8512,804.3125,8997,5,100,87.18
1619069236.44785,804.25,9022,5,100,87.435
1619069239.04789,804,9048,5,100,87.65
1619069241.64272,803.875,9074,5,100,87.92
1619069244.24155,803.375,9100,5,100,88.23
1619069246.8449,802.9375,9125,5,100,88.486
1619069249.43699,802.6875,9150,5,100,88.732
1619069252.06251,802.875,9177,5,100,88.947
1619069254.68434,802.0625,9202,5,100,89.198
1619069257.27621,802.25,9228,5,100,89.413
1619069259.87954,802,9254,5,100,89.661
1619069262.47255,801.625,9280,5,100,89.878
1619069265.07134,801.375,9305,5,100,90.138
1619069267.68064,801.4375,9331,5,100,90.357
1619069270.31641,801,9357,5,100,90.628
1619069272.91164,800.75,9383,5,100,90.888
1619069275.53935,800.5625,9409,5,100,91.223
1619069278.15474,800.375,9435,5,100,91.431
1619069280.75119,799.75,9461,5,100,91.675
1619069283.34881,799.625,9487,5,100,91.926
1619069285.95167,799.875,9512,5,100,92.131
1619069288.5747,799.25,9538,5,100,92.38
1619069291.19373,798.75,9564,5,100,92.594
1619069293.78851,799,9590,5,100,92.858
1619069296.38499,798.8125,9615,5,100,93.108
1619069298.98693,798.3125,9641,5,100,93.322
1619069301.58421,798,9667,5,100,93.68
1619069304.17818,797.5625,9693,5,100,93.889
1619069306.7816,797.4375,9718,5,100,94.133
1619069309.38735,797.375,9744,5,100,94.382
1619069312.03639,796.875,9770,5,100,94.592
1619069314.67731,796.625,9797,5,100,94.846
1619069317.31856,796.75,9822,5,100,95.097
1619069319.9125,796.1875,9848,5,100,95.319
1619069322.53859,795.9375,9875,5,100,95.578
1619069325.1592,795.6875,9901,5,100,95.806
1619069327.76551,795.25,9926,5,100,96.069
1619069330.40343,795.25,9952,5,100,96.393
1619069333.01445,794.9375,9978,5,100,96.64
1619069335.65035,794.8125,10004,5,100,96.861
1619069338.24081,794.6875,10030,5,100,97.106
1619069340.83926,794.4375,10056,5,100,97.316
1619069343.4395,794,10082,5,100,97.58
1619069346.03051,793.8125,10106,5,100,97.789
1619069348.63108,793.3125,10132,5,100,98.049
1619069351.22783,793.125,10158,5,100,98.263
1619069353.82145,792.9375,10184,5,100,98.536
1619069356.42788,792.6875,10209,5,100,98.75
1619069359.02512,792.625,10235,5,100,99.007
1619069361.61886,792.1875,10261,5,100,99.271
1619069364.21412,791.875,10287,5,100,99.486
1619069366.81572,792.0625,10312,5,100,99.845
1619069369.40786,791.4375,10338,5,100,100.05
1619069372.00664,791.0625,10364,5,100,100.294
1619069374.60541,791.25,10390,5,100,100.51
1619069377.20383,790.75,10415,5,100,100.763
1619069379.79824,790.5625,10441,5,100,100.969
1619069382.39335,790.3125,10467,5,100,101.22
1619069384.99323,790.125,10493,5,100,101.439
1619069387.61869,789.6875,10518,5,100,101.708
1619069390.26731,789.6875,10545,5,100,101.921
1619069392.88177,789.125,10571,5,100,102.189
1619069395.48203,788.75,10597,5,100,102.446
1619069398.08268,788.5,10622,5,100,102.791
1619069400.69056,788.625,10648,5,100,102.997
1619069403.32324,788.25,10674,5,100,103.243
1619069405.92125,788,10700,5,100,103.453
1619069408.51632,787.875,10725,5,100,103.689
1619069413.76191,787.25,10778,5,100,103.836
1619069416.3596,787.3125,10803,5,100,104.05
1619069418.9545,786.6875,10829,5,100,104.318
1619069421.55374,786.375,10855,5,100,104.533
1619069424.14944,786.125,10881,5,100,104.797
1619069426.74977,785.875,10906,5,100,105.056
1619069429.34515,785.3125,10932,5,100,105.271
1619069431.9406,785.625,10958,5,100,105.616
1619069434.5426,785.375,10984,5,100,105.824
1619069437.13737,785.125,11008,5,100,106.078
1619069439.73503,784.75,11034,5,100,106.285
1619069442.32912,784.6875,11060,5,100,106.535
1619069444.92858,784.25,11086,5,100,106.748
1619069447.52475,783.875,11111,5,100,107.011
1619069450.1217,783.625,11137,5,100,107.356
1619069452.75042,783.75,11164,5,100,107.555
1619069455.36664,783.125,11190,5,100,107.809
1619069457.96761,783,11215,5,100,108.015
1619069460.56859,782.75,11241,5,100,108.259
1619069463.15547,782.75,11267,5,100,108.471
1619069465.75951,782.4375,11293,5,100,108.729
1619069468.35136,781.8125,11318,5,100,108.936
1619069470.96922,781.9375,11344,5,100,109.2
1619069473.59806,781.875,11370,5,100,109.416
1619069476.19412,781.1875,11396,5,100,109.774
1619069478.79312,781.4375,11421,5,100,109.98
1619069481.38896,780.9375,11447,5,100,110.229
1619069483.98777,780.625,11473,5,100,110.439
1619069486.58498,780.25,11499,5,100,110.681
1619069489.18124,780.125,11524,5,100,110.887
1619069491.80366,779.8125,11550,5,100,111.223
1619069494.42433,779.8125,11576,5,100,111.463
1619069497.02298,779.1875,11602,5,100,111.667
1619069499.62805,779.3125,11627,5,100,111.922
1619069502.21501,778.9375,11653,5,100,112.127
1619069504.81625,778.625,11679,5,100,112.376
1619069507.41427,778.5625,11704,5,100,112.636
1619069510.01025,778.1875,11730,5,100,112.855
1619069512.60651,777.8125,11756,5,100,113.117
1619069515.20945,778.1875,11782,5,100,113.331
1619069517.80612,777.4375,11807,5,100,113.587
1619069520.40025,777.125,11833,5,100,113.797
1619069523.00015,777.1875,11859,5,100,114.059
1619069525.62285,776.625,11885,5,100,114.396
1619069528.24223,776.4375,11911,5,100,114.644
1619069530.83684,776.3125,11936,5,100,114.849
1619069533.43503,776.375,11962,5,100,115.096
1619069536.02982,775.9375,11988,5,100,115.301
1619069538.62938,775.5,12013,5,100,115.548
1619069541.25589,775.3125,12040,5,100,115.753
1619069543.90357,775.125,12066,5,100,116.016
1619069546.52259,775.0625,12092,5,100,116.274
1619069549.11566,774.9375,12117,5,100,116.615
1619069551.71386,774.25,12143,5,100,116.822
1619069554.31149,774.1875,12169,5,100,117.063
1619069556.90707,773.875,12195,5,100,117.269
1619069559.50327,773.75,12220,5,100,117.516
1619069562.1036,773.4375,12246,5,100,117.723
1619069564.70498,772.875,12272,5,100,117.973
1619069567.29674,772.8125,12298,5,100,118.19
1619069569.89317,772.8125,12323,5,100,118.443
1619069572.49231,772.6875,12349,5,100,118.692
1619069575.0902,772.25,12375,5,100,119.027
1619069577.71546,772,12401,5,100,119.235
1619069580.33751,771.5625,12426,5,100,119.477
1619069582.92975,771.8125,12452,5,100,119.682
1619069585.53022,771.0625,12478,5,100,119.929
1619069588.12836,770.9375,12503,5,100,120.134
1619069590.72056,770.5625,12529,5,100,120.391
1619069593.32439,770.375,12555,5,100,120.602
1619069595.91948,770.5,12581,5,100,120.853
1619069598.51332,770.1875,12606,5,100,121.221
1619069601.14346,769.6875,12633,5,100,121.418
1619069603.75684,769.4375,12659,5,100,121.665
1619069606.35854,769.25,12685,5,100,121.867
1619069608.95369,769.25,12710,5,100,122.113
1619069611.54943,768.8125,12736,5,100,122.322
1619069614.14823,768.625,12762,5,100,122.571
1619069616.74624,768.4375,12788,5,100,122.818
1619069619.34075,768.0625,12813,5,100,123.107
1619069621.9416,767.875,12839,5,100,123.351
1619069624.54064,767.5,12865,5,100,123.553
1619069627.13487,767.5,12890,5,100,123.792
1619069629.76097,767.3125,12916,5,100,123.994
1619069632.38067,766.875,12942,5,100,124.243
1619069634.9768,766.8125,12968,5,100,124.487
1619069637.57247,766.4375,12994,5,100,124.796
1619069640.1695,766.25,13019,5,100,125.035
1619069642.77276,765.875,13045,5,100,125.242
1619069645.39315,765.75,13071,5,100,125.483
1619069648.01351,765.5,13097,5,100,125.69
1619069655.80267,764.9375,13174,5,100,125.965
1619069658.40155,764.6875,13200,5,100,126.199
1619069660.99666,764.25,13225,5,100,126.449
1619069663.59076,764.125,13251,5,100,126.689
1619069666.19449,764,13277,5,100,126.895
1619069668.81624,764,13302,5,100,127.137
1619069671.44176,763.25,13329,5,100,127.306
1619069674.03251,763,13354,5,100,127.562
1619069676.63492,762.6875,13380,5,100,127.776
1619069679.22829,762.875,13405,5,100,128.026
1619069681.82318,762.5,13431,5,100,128.239
1619069684.42367,762.125,13457,5,100,128.502
1619069687.02367,761.625,13483,5,100,128.716
1619069692.2145,761.625,13534,5,100,129.309
1619069694.81349,761.1875,13560,5,100,129.541
1619069697.40868,760.8125,13586,5,100,129.745
1619069700.00366,760.625,13611,5,100,129.988
1619069702.60429,760.375,13637,5,100,130.199
1619069705.20427,760.3125,13663,5,100,130.469
1619069707.80148,760.25,13689,5,100,130.676
1619069710.39328,760,13714,5,100,130.963
1619069712.99551,759.875,13740,5,100,131.24
1619069715.59164,759.25,13766,5,100,131.445
1619069718.18149,759.0625,13792,5,100,131.685
1619069720.78772,759.0625,13817,5,100,131.887
1619069723.38268,758.4375,13843,5,100,132.138
1619069725.98167,758.25,13869,5,100,132.35
1619069728.58027,758.5,13895,5,100,132.694
1619069731.17485,758.125,13920,5,100,132.897
1619069733.77382,757.5,13946,5,100,133.141
1619069736.37257,757.5625,13972,5,100,133.349
1619069738.96315,757.4375,13998,5,100,133.59
1619069741.56346,757.25,14023,5,100,133.802
1619069744.19209,756.9375,14049,5,100,133.942
1619069746.80884,756.5625,14075,5,100,134.258
1619069749.40208,756.4375,14101,5,100,134.504
1619069752.00489,756,14126,5,100,134.74
1619069754.5994,755.75,14152,5,100,134.942
1619069757.19389,755.6875,14178,5,100,135.182
1619069759.79803,755.25,14203,5,100,135.393
1619069762.40508,754.9375,14229,5,100,135.655
1619069765.03903,754.6875,14256,5,100,135.87
1619069767.64387,754.6875,14282,5,100,136.127
1619069770.28274,754.875,14307,5,100,136.462
1619069772.86811,754.3125,14333,5,100,136.663
1619069775.48124,753.75,14359,5,100,136.903
1619069778.0728,753.75,14385,5,100,137.106
1619069780.66926,753.375,14410,5,100,137.352
1619069783.30011,753.375,14436,5,100,137.556
1619069785.94274,753.1875,14463,5,100,137.811
1619069788.56292,753.0625,14489,5,100,138.198
1619069791.18542,752.5625,14514,5,100,138.414
1619069793.80628,752.1875,14540,5,100,138.616
1619069796.40732,752,14566,5,100,138.813
1619069799.00436,751.5625,14592,5,100,139.053
1619069801.60189,751.625,14617,5,100,139.257
1619069804.21823,751.375,14643,5,100,139.507
1619069806.84314,750.875,14670,5,100,139.752
1619069809.44164,750.8125,14696,5,100,139.953
1619069812.06405,750.625,14721,5,100,140.209
1619069814.68656,750.4375,14747,5,100,140.528
1619069817.28182,749.8125,14773,5,100,140.769
1619069819.90767,749.9375,14799,5,100,140.969
1619069822.52372,749.625,14824,5,100,141.208
1619069825.12015,749.4375,14850,5,100,141.412
1619069827.72176,749.3125,14876,5,100,141.664
1619069830.31994,749.1875,14902,5,100,141.874
1619069832.89898,748.5,14927,5,100,142.125
1619069835.51968,748.5625,14953,5,100,142.414
1619069838.15927,748.4375,14980,5,100,142.654
1619069840.75611,748.25,15005,5,100,142.89
1619069843.35505,747.875,15031,5,100,143.093
1619069845.97638,747.5,15057,5,100,143.355
1619069848.61586,747.6875,15083,5,100,143.564
1619069851.24455,747.25,15109,5,100,143.891
1619069853.84174,747.0625,15135,5,100,144.13
1619069856.46596,746.6875,15161,5,100,144.368
1619069859.08973,746.4375,15187,5,100,144.575
1619069861.6837,746.25,15212,5,100,144.817
1619069864.28054,745.9375,15238,5,100,145.028
1619069866.90171,745.8125,15264,5,100,145.348
1619069869.52951,745.875,15290,5,100,145.53
1619069872.14494,745.5,15316,5,100,145.772
1619069874.76764,745.125,15342,5,100,146.009
1619069877.36948,744.9375,15368,5,100,146.213
1619069879.96699,744.4375,15394,5,100,146.455
1619069882.56119,744.4375,15419,5,100,146.663
1619069885.18517,743.875,15445,5,100,146.998
1619069887.80779,744,15471,5,100,147.197
1619069890.42908,744.0625,15497,5,100,147.44
1619069893.05073,743.4375,15523,5,100,147.645
1619069895.64766,743.375,15549,5,100,147.892
1619069898.24539,743.0625,15575,5,100,148.095
1619069900.87226,742.8125,15601,5,100,148.4
1619069903.48867,742.5625,15626,5,100,148.633
1619069906.11213,742.5,15652,5,100,148.874
1619069908.73575,741.875,15678,5,100,149.081
1619069911.32821,741.9375,15703,5,100,149.319
1619069913.92813,741.5625,15729,5,100,149.56
1619069916.52338,741.75,15755,5,100,149.752
1619069919.13105,741,15781,5,100,149.993
1619069921.79786,741.1875,15807,5,100,150.327
1619069924.41688,740.5625,15833,5,100,150.532
1619069927.01169,740.625,15859,5,100,150.771
1619069929.61244,740.0625,15885,5,100,150.971
1619069932.20972,739.875,15910,5,100,151.228
1619069934.80923,739.75,15936,5,100,151.441
1619069937.40509,739.5,15962,5,100,151.698
1619069940.03377,739.3125,15988,5,100,151.941
1619069942.64697,739,16014,5,100,152.156
1619069945.24789,738.9375,16040,5,100,152.512
1619069947.84261,738.625,16066,5,100,152.71
1619069950.44103,738.3125,16092,5,100,152.945
1619069953.04062,738.0625,16117,5,100,153.15
1619069955.63551,737.5625,16142,5,100,153.397
1619069958.23373,737.625,16168,5,100,153.599
1619069960.83139,737.3125,16194,5,100,153.935
1619069963.43002,737,16219,5,100,154.132
1619069966.03639,736.75,16245,5,100,154.366
1619069968.66796,736.8125,16272,5,100,154.573
1619069971.26722,736.625,16298,5,100,154.818
1619069973.87945,736.5,16323,5,100,155.031
1619069976.5151,735.875,16349,5,100,155.286
1619069979.11329,735.9375,16375,5,100,155.536
1619069981.71958,735.5,16401,5,100,155.851
1619069984.35618,735.25,16427,5,100,156.092
1619069986.94791,735.125,16453,5,100,156.29
1619069989.55135,734.75,16479,5,100,156.53
1619069992.16118,734.8125,16504,5,100,156.732
1619069994.79363,734.5625,16530,5,100,156.97
1619069997.39461,734.375,16556,5,100,157.213
1619069999.98836,734.1875,16582,5,100,157.526
1619070002.59868,733.5625,16607,5,100,157.757
1619070007.84793,733.375,16660,5,100,158.203
1619070010.47632,733.3125,16686,5,100,158.407
1619070013.08706,732.8125,16711,5,100,158.653
1619070015.72459,732.8125,16737,5,100,158.911
1619070018.32699,732.4375,16763,5,100,159.124
1619070020.97027,732.25,16790,5,100,159.461
1619070023.56365,731.8125,16815,5,100,159.66
1619070026.18564,731.6875,16841,5,100,159.896
1619070028.80652,731.5625,16867,5,100,160.117
1619070031.40481,731.25,16893,5,100,160.353
1619070034.00507,731.0625,16918,5,100,160.564
1619070036.59785,730.75,16944,5,100,160.811
1619070039.20064,730.75,16970,5,100,161.127
1619070041.82131,730.3125,16996,5,100,161.321
1619070044.44129,730.375,17022,5,100,161.564
1619070047.03948,730,17048,5,100,161.761
1619070049.63684,729.875,17073,5,100,161.997
1619070054.82484,729.25,17124,5,100,162.466
1619070057.42881,729.375,17150,5,100,162.672
1619070060.0299,728.625,17176,5,100,162.931
1619070062.62258,728.75,17202,5,100,163.174
1619070065.21471,728.5,17227,5,100,163.377
1619070067.8442,728.125,17254,5,100,163.65
1619070070.4754,727.8125,17280,5,100,163.963
1619070073.12495,727.9375,17305,5,100,164.133
1619070075.77327,727.625,17332,5,100,164.372
1619070078.43453,727.3125,17358,5,100,164.606
1619070081.05629,727.1875,17385,5,100,164.819
1619070083.6499,726.875,17410,5,100,165.07
1619070086.272,726.625,17436,5,100,165.282
1619070088.89699,726.1875,17462,5,100,165.533
1619070091.49074,726,17488,5,100,165.858
1619070094.09191,725.8125,17513,5,100,166.085
1619070096.69066,725.6875,17539,5,100,166.278
1619070099.28336,725.4375,17565,5,100,166.521
1619070101.88297,725.25,17591,5,100,166.718
1619070104.48313,725.125,17616,5,100,166.956
1619070107.07512,724.875,17642,5,100,167.284
1619070109.67644,724.6875,17668,5,100,167.517
1619070112.29552,724.125,17694,5,100,167.718
1619070114.92334,724.25,17719,5,100,167.955
1619070117.51482,723.8125,17745,5,100,168.158
1619070120.1128,723.75,17771,5,100,168.406
1619070122.71148,723.1875,17797,5,100,168.611
1619070125.30617,723.1875,17822,5,100,168.974
1619070127.9022,722.875,17848,5,100,169.161
1619070130.5053,722.5625,17874,5,100,169.394
1619070133.10096,722.625,17900,5,100,169.595
1619070135.69716,722.25,17925,5,100,169.836
1619070138.29233,722.0625,17951,5,100,170.047
1619070140.88911,721.9375,17977,5,100,170.297
1619070143.51437,721.875,18002,5,100,170.508
1619070146.14376,721.4375,18029,5,100,170.86
1619070148.78563,721.3125,18055,5,100,171.057
1619070151.38404,721.1875,18081,5,100,171.293
1619070153.97544,720.875,18106,5,100,171.491
1619070156.57313,720.4375,18132,5,100,171.733
1619070159.17124,720.3125,18158,5,100,171.975
1619070161.76886,720,18184,5,100,172.184
1619070164.36605,720.0625,18209,5,100,172.425
1619070166.96014,719.75,18235,5,100,172.723
1619070169.55847,719.6875,18261,5,100,172.958
1619070172.16115,719.3125,18287,5,100,173.155
1619070174.76564,719,18312,5,100,173.393
1619070177.40605,718.875,18338,5,100,173.594
1619070179.99912,718.5,18364,5,100,173.838
1619070182.59777,718,18390,5,100,174.189
1619070187.78308,718,18441,5,100,174.324
1619070190.38769,717.375,18467,5,100,174.515
1619070192.99312,717.5,18493,5,100,174.72
1619070195.64256,717.125,18519,5,100,174.982
1619070198.28262,716.75,18545,5,100,175.231
1619070200.87786,716.1875,18571,5,100,175.437
1619070203.47453,716.625,18597,5,100,175.692
1619070206.07319,716.375,18622,5,100,175.985
1619070208.67117,716.0625,18648,5,100,176.217
1619070211.26709,715.625,18674,5,100,176.413
1619070213.86144,715.5625,18700,5,100,176.649
1619070216.45879,715.375,18725,5,100,176.888
1619070219.05739,715.3125,18751,5,100,177.094
1619070221.65598,715.1875,18777,5,100,177.337
1619070224.25459,714.8125,18802,5,100,177.599
1619070226.84971,714.8125,18828,5,100,177.874
1619070229.44782,714.3125,18854,5,100,178.066
1619070232.04255,714.125,18880,5,100,178.308
1619070234.63611,714.3125,18904,5,100,178.555
1619070237.23941,713.5,18931,5,100,178.753
1619070239.83747,713.6875,18956,5,100,178.997
1619070242.43621,713.25,18982,5,100,179.283
1619070245.03201,713.1875,19007,5,100,179.516
1619070247.62966,712.625,19033,5,100,179.746
1619070250.22734,712.8125,19059,5,100,179.951
1619070252.83061,712.625,19085,5,100,180.194
1619070255.48558,712.0625,19111,5,100,180.415
1619070258.11684,712,19137,5,100,180.667
1619070260.71761,711.75,19163,5,100,180.879
1619070263.32339,711.6875,19189,5,100,181.216
1619070265.95665,711.0625,19215,5,100,181.412
1619070268.55713,711.5,19241,5,100,181.653
1619070271.15978,710.6875,19267,5,100,181.854
1619070273.8262,710.6875,19293,5,100,182.086
1619070276.45006,710.375,19319,5,100,182.328
1619070279.07205,710.25,19345,5,100,182.626
1619070281.69498,710.125,19371,5,100,182.86
1619070284.29074,709.875,19397,5,100,183.055
1619070289.47103,709.5,19448,5,100,183.518
1619070292.08439,709.3125,19474,5,100,183.728
1619070294.68415,709.25,19500,5,100,183.978
1619070297.32546,708.75,19525,5,100,184.196
1619070299.92546,708.75,19551,5,100,184.434
1619070302.53317,708.0625,19577,5,100,184.746
1619070307.76464,707.6875,19629,5,100,185.173
1619070310.36362,707.75,19655,5,100,185.407
1619070312.96124,707.4375,19681,5,100,185.639
1619070315.5601,707.25,19706,5,100,185.854
1619070320.77099,706.8125,19758,5,100,186.398
1619070323.39724,706.375,19784,5,100,186.634
1619070325.99859,706.375,19809,5,100,186.824
1619070328.59507,706.5,19835,5,100,187.057
1619070331.19255,705.875,19861,5,100,187.289
1619070333.78746,705.6875,19887,5,100,187.493
1619070336.38464,705.3125,19912,5,100,187.807
1619070338.97992,705.4375,19938,5,100,188.039
1619070341.60472,705.5,19964,5,100,188.264
1619070344.22504,704.8125,19990,5,100,188.459
1619070346.82412,704.8125,20015,5,100,188.696
1619070349.42285,704.5,20041,5,100,188.9
1619070352.04538,704.375,20068,5,100,189.231
1619070357.25238,704,20119,5,100,189.663
1619070359.86181,703.625,20145,5,100,189.895
1619070362.46004,703.375,20171,5,100,190.101
1619070365.06295,703.375,20197,5,100,190.337
1619070367.71038,702.9375,20222,5,100,190.532
1619070370.36174,702.5,20249,5,100,190.884
1619070373.02749,702.6875,20275,5,100,191.076
1619070375.64705,702.1875,20302,5,100,191.31
1619070378.24567,702.25,20327,5,100,191.512
1619070380.89313,701.6875,20353,5,100,191.839
1619070383.53529,701.4375,20379,5,100,192.041
1619070386.16231,701.0625,20405,5,100,192.268
1619070391.3696,701.4375,20457,5,100,192.702
1619070393.97189,700.75,20483,5,100,192.95
1619070396.58527,701,20508,5,100,193.255
1619070399.22383,700.3125,20534,5,100,193.486
1619070404.45579,699.9375,20587,5,100,193.9
1619070407.0614,699.6875,20612,5,100,194.007
1619070412.24926,699.3125,20664,5,100,194.464
1619070414.85465,699.125,20690,5,100,194.797
1619070417.44769,698.6875,20715,5,100,195.027
1619070420.04913,698.375,20741,5,100,195.225
1619070422.65013,698,20767,5,100,195.451
1619070425.29285,698.1875,20793,5,100,195.66
1619070427.89073,697.625,20818,5,100,195.902
1619070430.48758,697.875,20844,5,100,196.218
1619070433.08185,697.5,20870,5,100,196.443
1619070435.71109,697.3125,20896,5,100,196.636
1619070438.3552,697.25,20922,5,100,196.87
1619070440.97333,696.9375,20948,5,100,197.074
1619070446.16072,696.3125,21000,5,100,197.609
1619070448.76831,696.0625,21025,5,100,197.835
1619070451.36003,696.3125,21051,5,100,198.023
1619070453.99115,695.5,21077,5,100,198.261
1619070456.60846,695.75,21102,5,100,198.459
1619070461.82186,695.3125,21154,5,100,198.909
1619070464.44789,695.3125,21181,5,100,199.288
1619070467.04579,694.8125,21206,5,100,199.501
1619070469.64472,694.5,21232,5,100,199.715
1619070472.24109,694.3125,21257,5,100,199.88
1619070474.83684,694.125,21283,5,100,200.12
1619070477.43745,693.9375,21308,5,100,200.46
1619070480.03515,693.375,21334,5,100,200.646
1619070482.62982,693.3125,21360,5,100,200.875
1619070485.22927,692.9375,21386,5,100,201.072
1619070487.82561,693.25,21411,5,100,201.304
1619070490.4233,692.8125,21437,5,100,201.504
1619070493.01543,692.5,21463,5,100,201.833
1619070495.61862,692.8125,21489,5,100,202.044
1619070498.21055,692.375,21514,5,100,202.27
1619070500.80823,692.1875,21540,5,100,202.47
1619070503.4106,692.125,21566,5,100,202.703
1619070506.00447,691.5625,21592,5,100,202.944
1619070508.59787,691.25,21617,5,100,203.146
1619070511.20102,691.25,21643,5,100,203.49
1619070513.7983,690.75,21669,5,100,203.675
1619070516.39185,690.9375,21695,5,100,203.902
1619070518.98867,690.625,21720,5,100,204.092
1619070521.59012,690.375,21746,5,100,204.328
1619070524.18627,690.1875,21772,5,100,204.521
1619070526.78044,690,21798,5,100,204.853
1619070529.37995,689.6875,21823,5,100,205.043
1619070531.97567,689.3125,21849,5,100,205.277
1619070534.57402,689,21875,5,100,205.469
1619070537.1746,688.8125,21901,5,100,205.707
1619070539.77251,688.875,21926,5,100,205.942
1619070542.3672,688.8125,21952,5,100,206.244
1619070544.96565,688.25,21978,5,100,206.461
1619070547.56542,688.1875,22003,5,100,206.648
1619070550.21247,688.3125,22029,5,100,206.885
1619070552.86199,687.6875,22056,5,100,207.087
1619070555.50348,687.625,22082,5,100,207.33
1619070558.1052,687.75,22107,5,100,207.576
1619070560.745,687.25,22134,5,100,207.867
1619070563.34704,687.1875,22160,5,100,208.09
1619070565.94188,686.75,22185,5,100,208.314
1619070568.53373,686.9375,22210,5,100,208.503
1619070571.13684,686.5625,22236,5,100,208.741
1619070573.73421,686,22262,5,100,209.083
1619070578.9222,686.1875,22313,5,100,209.095
1619070584.1159,685.25,22365,5,100,209.522
1619070586.7168,685.5625,22391,5,100,209.719
1619070589.31815,684.9375,22416,5,100,209.985
1619070591.91531,684.875,22442,5,100,210.208
1619070594.51032,684.75,22468,5,100,210.383
1619070597.11057,684.4375,22494,5,100,210.609
1619070599.70702,684.5625,22519,5,100,210.805
1619070604.8895,683.5625,22571,5,100,211.323
1619070607.49983,683.1875,22597,5,100,211.55
1619070610.09432,683.25,22622,5,100,211.776
1619070612.69387,683.1875,22648,5,100,211.969
1619070615.29093,682.9375,22674,5,100,212.2
1619070617.88606,682.375,22700,5,100,212.377
1619070620.48343,682.6875,22725,5,100,212.707
1619070623.08072,682.125,22751,5,100,212.896
1619070625.67787,682.3125,22777,5,100,213.126
1619070628.2746,681.8125,22802,5,100,213.321
1619070630.87336,681.6875,22828,5,100,213.523
1619070633.46822,681.625,22854,5,100,213.805
1619070636.06543,681.375,22880,5,100,214.026
1619070638.66459,681.0625,22905,5,100,214.253
1619070641.26399,680.8125,22931,5,100,214.447
1619070643.85482,680.4375,22957,5,100,214.684
1619070646.45901,680.5,22983,5,100,214.889
1619070649.05274,680.5625,23008,5,100,215.235
1619070651.65092,680.0625,23034,5,100,215.414
1619070654.24792,679.875,23060,5,100,215.607
1619070656.84697,679.8125,23086,5,100,215.836
1619070659.44078,679.3125,23110,5,100,216.067
1619070662.03722,679.25,23136,5,100,216.271
1619070664.63554,679.25,23162,5,100,216.586
1619070667.23369,679.125,23188,5,100,216.778
1619070669.82829,678.625,23213,5,100,217.001
1619070675.01351,678,23265,5,100,217.424
1619070677.62237,677.8125,23291,5,100,217.666
1619070680.21851,677.75,23316,5,100,217.937
1619070682.82239,677.875,23342,5,100,218.127
1619070685.46649,677.25,23369,5,100,218.34
1619070688.06235,677.4375,23395,5,100,218.532
1619070690.65739,677.375,23420,5,100,218.762
1619070693.2585,676.75,23446,5,100,218.983
1619070698.44054,676.1875,23497,5,100,219.494
1619070701.05173,676.625,23523,5,100,219.717
1619070703.69515,676.375,23549,5,100,219.906
1619070706.29397,675.6875,23575,5,100,220.142
1619070711.47999,675.25,23626,5,100,220.654
1619070714.08113,675.25,23652,5,100,220.881
1619070716.68229,674.8125,23678,5,100,221.078
1619070719.27825,674.75,23703,5,100,221.323
1619070721.87342,674.3125,23729,5,100,221.645
1619070724.47347,674.375,23755,5,100,221.833
1619070727.06838,674.0625,23781,5,100,222.061
1619070729.66646,674.3125,23806,5,100,222.249
1619070732.26898,673.625,23832,5,100,222.48
1619070734.91137,673.5625,23858,5,100,222.678
1619070737.51138,673.1875,23884,5,100,222.956
1619070740.1055,673.125,23909,5,100,223.144
1619070742.70266,673.25,23935,5,100,223.367
1619070745.3031,672.8125,23961,5,100,223.558
1619070747.89866,672.875,23987,5,100,223.782
1619070750.49509,672.6875,24012,5,100,224.088
1619070753.09716,671.875,24038,5,100,224.274
1619070755.73824,672.3125,24064,5,100,224.507
1619070758.33708,672.25,24090,5,100,224.699
1619070760.93389,671.8125,24115,5,100,224.926
1619070763.53156,670.875,24141,5,100,225.155
1619070768.7432,671.1875,24194,5,100,225.669
1619070771.37506,670.875,24219,5,100,225.857
1619070773.9685,670.8125,24245,5,100,226.083
1619070776.56337,670,24271,5,100,226.266
1619070779.16741,670.125,24297,5,100,226.587
1619070781.76237,670.1875,24322,5,100,226.762
1619070784.36496,670,24348,5,100,226.984
1619070787.00347,669.6875,24374,5,100,227.219
1619070789.6142,669.0625,24400,5,100,227.415
1619070794.84241,668.9375,24451,5,100,227.936
1619070797.44989,668.6875,24478,5,100,228.152
1619070800.09442,668.375,24503,5,100,228.384
1619070805.27733,668.0625,24555,5,100,228.805
1619070807.88455,668.0625,24581,5,100,229.087
1619070810.4833,667.75,24606,5,100,229.305
1619070813.07931,667.8125,24632,5,100,229.489
1619070815.67265,667.125,24658,5,100,229.723
1619070818.27922,667.0625,24684,5,100,229.907
1619070823.5167,666.6875,24735,5,100,230.4
1619070826.11586,666.625,24761,5,100,230.588
1619070828.71163,666.625,24787,5,100,230.805
1619070831.31277,666.1875,24812,5,100,231.005
1619070833.95527,666,24839,5,100,231.236
1619070836.55275,665.75,24865,5,100,231.548
1619070839.14984,665.5625,24891,5,100,231.739
1619070841.74739,665.4375,24916,5,100,231.926
1619070846.93569,665.25,24967,5,100,232.339
1619070849.53932,664.875,24993,5,100,232.667
1619070852.1382,664.5625,25018,5,100,232.847
1619070854.73445,664.1875,25044,5,100,233.07
1619070857.33156,664,25070,5,100,233.294
1619070859.93026,663.8125,25096,5,100,233.492
1619070862.52669,663.6875,25121,5,100,233.724
1619070865.12198,663.5625,25147,5,100,234.062
1619070867.72003,663.5,25173,5,100,234.237
1619070870.31818,663.125,25199,5,100,234.422
1619070872.91472,662.875,25224,5,100,234.651
1619070875.50872,662.6875,25250,5,100,234.839
1619070878.11124,662.5625,25276,5,100,235.141
1619070880.70744,662.875,25302,5,100,235.381
1619070883.30426,661.875,25327,5,100,235.564
1619070885.90121,662,25353,5,100,235.791
1619070888.49991,662.0625,25379,5,100,235.975
1619070891.09387,661.5,25404,5,100,236.29
1619070893.69613,661.4375,25430,5,100,236.506
1619070896.33723,661.5,25456,5,100,236.689
1619070898.93394,661.3125,25482,5,100,236.912
1619070904.12179,660.1875,25533,5,100,237.433
1619070909.31745,660.5,25585,5,100,237.836
1619070911.9231,659.875,25610,5,100,238.033
1619070914.52551,660,25636,5,100,238.263
1619070917.16681,659.5625,25663,5,100,238.456
1619070919.76682,659.5,25689,5,100,238.787
1619070922.36159,659.25,25714,5,100,238.97
1619070924.96055,659,25740,5,100,239.199
1619070927.55751,658.6875,25766,5,100,239.387
1619070930.15477,658.75,25792,5,100,239.614
1619070932.74937,658.625,25817,5,100,239.888
1619070935.34807,658.5625,25843,5,100,240.106
1619070937.94825,658.3125,25869,5,100,240.29
1619070940.59758,658.1875,25895,5,100,240.51
1619070943.24073,657.4375,25920,5,100,240.743
1619070945.84418,657.5,25946,5,100,240.944
1619070948.48255,656.8125,25973,5,100,241.264
1619070953.67043,656.875,26024,5,100,241.66
1619070956.27688,656.5625,26050,5,100,241.844
1619070961.46343,656.5,26102,5,100,242.385
1619070964.06833,656.125,26127,5,100,242.56
1619070966.67341,656.0625,26153,5,100,242.787
1619070969.31244,655.25,26179,5,100,242.977
1619070971.90881,655.4375,26204,5,100,243.201
1619070974.50725,655.125,26230,5,100,243.478
1619070977.10384,655.125,26256,5,100,243.698
1619070979.70373,654.6875,26282,5,100,243.878
1619070982.2997,654.625,26307,5,100,244.108
1619070984.8962,654.875,26333,5,100,244.299
1619070987.49089,654.5625,26359,5,100,244.528
1619070990.08929,654.375,26385,5,100,244.822
1619070992.6846,654.25,26410,5,100,245.034
1619070995.28304,653.625,26436,5,100,245.25
1619070997.9104,653.5625,26462,5,100,245.447
1619071000.54429,653.6875,26488,5,100,245.676
1619071005.76145,653,26540,5,100,246.201
1619071008.37057,652.5,26566,5,100,246.381
1619071010.96653,652.625,26592,5,100,246.609
1619071013.56754,652.5625,26617,5,100,246.793
1619071016.21117,652.625,26643,5,100,247.026
1619071021.39574,651.5,26695,5,100,247.534
1619071024.00441,651.75,26720,5,100,247.714
1619071026.60372,651.5625,26746,5,100,247.939
1619071029.24561,651.0625,26773,5,100,248.132
1619071031.84457,651.1875,26799,5,100,248.483
1619071034.44088,651.25,26823,5,100,248.66
1619071037.03853,651,26849,5,100,248.842
1619071039.63659,650.4375,26875,5,100,249.062
1619071042.23382,650.3125,26901,5,100,249.299
1619071044.83262,650.5625,26926,5,100,249.548
1619071047.42896,650,26952,5,100,249.806
1619071050.02625,649.75,26978,5,100,249.988
1619071052.62192,649.625,27003,5,100,250.207
1619071055.21932,649.375,27029,5,100,250.392
1619071057.81734,649.375,27055,5,100,250.626
1619071060.41603,648.875,27081,5,100,250.946
1619071063.00931,648.5625,27106,5,100,251.126
1619071068.20403,648.0625,27158,5,100,251.522
1619071070.80142,648.1875,27184,5,100,251.758
1619071073.40157,648.1875,27209,5,100,251.954
1619071075.99971,647.875,27235,5,100,252.183
1619071078.59452,647.75,27261,5,100,252.448
1619071081.19139,647.375,27287,5,100,252.666
1619071083.79237,647.0625,27312,5,100,252.88
1619071089.02596,647.1875,27364,5,100,253.295
1619071091.62923,646.9375,27390,5,100,253.643
1619071094.22685,646.5,27415,5,100,253.816
1619071096.82734,646.5625,27441,5,100,253.998
1619071099.42405,645.6875,27467,5,100,254.222
1619071102.01926,645.625,27493,5,100,254.405
1619071104.61751,645.9375,27518,5,100,254.635
1619071107.21615,645.1875,27544,5,100,254.846
1619071109.81188,645.1875,27570,5,100,255.143
1619071114.99896,645.25,27621,5,100,255.549
1619071117.60213,644.6875,27647,5,100,255.735
1619071120.20579,644.8125,27673,5,100,255.98
1619071122.84761,644.25,27700,5,100,256.175
1619071125.44561,644.0625,27725,5,100,256.426
1619071128.04179,643.5,27750,5,100,256.715
1619071130.64021,644,27776,5,100,256.897
1619071133.23728,643.5,27802,5,100,257.121
1619071135.83508,643.125,27827,5,100,257.31
1619071138.43064,643.25,27853,5,100,257.533
1619071141.02696,643.5625,27879,5,100,257.855
1619071143.62389,643.25,27904,5,100,258.033
1619071146.2214,642.875,27930,5,100,258.244
1619071148.8193,642.375,27956,5,100,258.429
1619071151.42004,641.875,27982,5,100,258.653
1619071156.60895,642,28033,5,100,259.158
1619071161.79702,641.5625,28085,5,100,259.556
1619071164.40192,641.125,28110,5,100,259.787
1619071167.00046,640.75,28136,5,100,260.015
1619071169.60263,641,28162,5,100,260.214
1619071172.25027,640.3125,28189,5,100,260.451
1619071174.89093,640.1875,28214,5,100,260.662
1619071177.49089,640.1875,28240,5,100,260.899
1619071180.08832,640.125,28266,5,100,261.113
1619071182.68492,639.6875,28292,5,100,261.404
1619071185.2847,640.3125,28317,5,100,261.582
1619071187.92945,639.375,28343,5,100,261.808
1619071193.08536,639.125,28395,5,100,262.228
1619071195.7207,639,28420,5,100,262.43
1619071198.32305,638.8125,28446,5,100,262.763
1619071200.96218,638.0625,28473,5,100,262.942
1619071203.56165,638.375,28499,5,100,263.155
1619071206.15727,638.5,28524,5,100,263.34
1619071208.7535,637.75,28550,5,100,263.57
1619071211.35719,638.3125,28576,5,100,263.761
1619071214.00133,637.75,28602,5,100,264.084
1619071216.60029,637.4375,28627,5,100,264.262
1619071219.19495,637.3125,28653,5,100,264.484
1619071221.7909,637,28679,5,100,264.67
1619071224.39384,636.9375,28704,5,100,264.9
1619071227.03728,636.75,28730,5,100,265.106
1619071229.6388,636.5,28756,5,100,265.34
1619071234.87106,636.5,28808,5,100,265.837
1619071240.04344,635.9375,28859,5,100,266.244
1619071242.6691,635.25,28886,5,100,266.474
1619071245.26763,635.5,28911,5,100,266.666
1619071247.86378,635.375,28937,5,100,266.992
1619071250.46759,635.125,28963,5,100,267.169
1619071253.10788,634.875,28989,5,100,267.393
1619071255.70603,634.625,29014,5,100,267.614
1619071258.30216,634.6875,29040,5,100,267.814
1619071260.89931,634.6875,29066,5,100,268.048
1619071266.08742,633.6875,29117,5,100,268.425
1619071268.69165,633.9375,29143,5,100,268.606
1619071271.29188,633.375,29169,5,100,268.826
1619071273.93697,633.4375,29195,5,100,269.013
1619071279.12517,633.0625,29246,5,100,269.519
1619071281.72818,633.0625,29272,5,100,269.744
1619071286.91259,632.3125,29323,5,100,270.157
1619071289.52075,632.125,29349,5,100,270.393
1619071292.1211,632.1875,29375,5,100,270.603
1619071294.76291,631.625,29402,5,100,270.856
1619071297.36123,632.375,29427,5,100,271.058
1619071299.96494,631.5,29453,5,100,271.261
1619071302.60862,631.4375,29479,5,100,271.407
1619071305.2535,630.875,29505,5,100,271.633
1619071307.84914,630.5,29531,5,100,271.839
1619071310.44564,630.6875,29557,5,100,272.07
1619071313.04269,630.75,29582,5,100,272.267
1619071315.64553,630.25,29608,5,100,272.508
1619071318.29195,630.4375,29634,5,100,272.733
1619071320.93379,630.4375,29660,5,100,272.937
1619071323.53661,629.9375,29686,5,100,273.18
1619071326.1777,629.8125,29712,5,100,273.376
1619071331.36298,629.375,29764,5,100,273.832
1619071333.96988,628.8125,29790,5,100,274.068
1619071336.57193,629.3125,29815,5,100,274.263
1619071339.2129,628.5,29841,5,100,274.509
1619071341.81655,628.4375,29867,5,100,274.705
1619071344.46567,628.5,29894,5,100,275.034
1619071347.10563,627.875,29919,5,100,275.209
1619071349.70657,627.625,29945,5,100,275.419
1619071352.30261,627.5625,29971,5,100,275.602
1619071354.89759,627.5,29997,5,100,275.834
1619071357.50048,627.6875,30022,5,100,276.027
1619071360.14353,627.3125,30048,5,100,276.261
1619071365.33278,627.1875,30100,5,100,276.77
1619071367.93452,626.8125,30125,5,100,276.979
1619071370.53386,626.1875,30151,5,100,277.154
1619071373.22593,626.5,30178,5,100,277.376
1619071375.80824,625.75,30203,5,100,277.576
1619071378.42087,625.75,30229,5,100,277.798
1619071381.02455,625.5625,30255,5,100,277.996
1619071383.66924,625.875,30282,5,100,278.242
1619071386.26884,625.375,30307,5,100,278.474
1619071388.92521,624.9375,30333,5,100,278.669
1619071394.15331,625.0625,30386,5,100,279.12
1619071396.75483,624.6875,30411,5,100,279.357
1619071399.36089,625.125,30437,5,100,279.583
1619071401.99991,624.4375,30463,5,100,279.773
1619071404.59386,624.0625,30489,5,100,280.006
1619071409.78126,623.375,30540,5,100,280.532
1619071412.38681,623.3125,30566,5,100,280.706
1619071414.98918,623.5625,30592,5,100,280.922
1619071417.63104,623.4375,30617,5,100,281.105
1619071420.23284,623,30643,5,100,281.344
1619071422.88164,622.6875,30670,5,100,281.581
1619071425.52511,622.6875,30696,5,100,281.775
1619071428.12493,622.3125,30721,5,100,282.014
1619071430.77017,622.25,30748,5,100,282.208
1619071433.36864,622.1875,30774,5,100,282.45
1619071436.01108,621.8125,30800,5,100,282.642
1619071438.61531,621.6875,30825,5,100,282.875
1619071443.8433,621.4375,30877,5,100,283.373
1619071449.04432,620.75,30928,5,100,283.788
1619071451.62689,620.75,30954,5,100,283.971
1619071454.2425,620.6875,30980,5,100,284.212
1619071456.83972,620.625,31005,5,100,284.406
1619071459.43858,620.375,31031,5,100,284.719
1619071462.03615,620.0625,31057,5,100,284.898
1619071464.63282,619.5,31083,5,100,285.115
1619071467.23223,619.5625,31108,5,100,285.306
1619071469.87597,619.1875,31135,5,100,285.528
1619071472.47544,619.5,31161,5,100,285.744
1619071475.07327,619.4375,31187,5,100,285.951
1619071477.72374,618.9375,31212,5,100,286.189
1619071480.36572,619.1875,31239,5,100,286.389
1619071482.96433,618.4375,31265,5,100,286.637
1619071485.55845,618.1875,31291,5,100,286.834
1619071488.15591,618.375,31316,5,100,287.055
1619071490.75516,618.1875,31342,5,100,287.301
1619071493.3526,618.0625,31368,5,100,287.494
1619071495.94706,617.6875,31394,5,100,287.736
1619071498.54885,617.625,31419,5,100,287.93
1619071501.19755,617.625,31445,5,100,288.172
1619071503.84081,617.8125,31471,5,100,288.362
1619071509.0256,617.0625,31522,5,100,288.894
1619071511.62963,617.0625,31548,5,100,289.069
1619071514.22764,616.9375,31574,5,100,289.291
1619071516.82496,616.1875,31600,5,100,289.483
1619071519.42308,616.125,31625,5,100,289.714
1619071522.01869,616,31651,5,100,289.903
1619071524.61859,616.125,31677,5,100,290.228
1619071529.8025,615.5,31728,5,100,290.621
1619071532.41291,615,31754,5,100,290.8
1619071535.05695,615.125,31781,5,100,291.026
1619071537.65712,614.8125,31806,5,100,291.259
1619071540.30383,614.875,31832,5,100,291.457
1619071542.9473,614.6875,31859,5,100,291.691
1619071545.54864,614.125,31885,5,100,291.881
1619071548.19301,613.625,31910,5,100,292.135
1619071550.79006,614.0625,31936,5,100,292.38
1619071553.39162,613.8125,31962,5,100,292.571
1619071556.03387,613.875,31988,5,100,292.808
1619071558.6306,612.9375,32013,5,100,292.997
1619071561.22886,613.6875,32039,5,100,293.229
1619071563.82767,612.8125,32065,5,100,293.43
1619071566.42544,613,32091,5,100,293.662
1619071569.07269,612.8125,32117,5,100,293.896
1619071571.71908,612.625,32143,5,100,294.1
1619071574.32307,612.25,32169,5,100,294.328
1619071576.96403,611.9375,32196,5,100,294.534
1619071579.56314,612,32221,5,100,294.781
1619071582.20864,611.3125,32247,5,100,294.972
1619071584.88288,611.375,32274,5,100,295.215
1619071587.51667,611.375,32300,5,100,295.454
1619071590.15834,611.25,32326,5,100,295.602
1619071592.80113,610.9375,32352,5,100,295.831
1619071595.47196,611.0625,32379,5,100,296.124
1619071598.09353,610.1875,32404,5,100,296.304
1619071600.73462,610.4375,32430,5,100,296.535
1619071603.33602,610.625,32456,5,100,296.726
1619071605.98117,610.1875,32483,5,100,296.959
1619071608.58249,609.875,32508,5,100,297.155
1619071611.22946,609.5,32534,5,100,297.394
1619071613.87291,609.6875,32561,5,100,297.587
1619071616.47219,609.375,32587,5,100,297.834
1619071619.11529,609.125,32612,5,100,298.036
1619071621.71849,609.4375,32638,5,100,298.266
1619071624.36074,608.5,32665,5,100,298.493
1619071629.54825,608.375,32716,5,100,298.933
1619071632.15392,608.25,32742,5,100,299.124
1619071634.75448,608.125,32768,5,100,299.437
1619071639.98697,608.0625,32819,5,100,299.829
1619071642.59311,607.3125,32845,5,100,300.051
1619071645.18912,607,32871,5,100,300.246
1619071650.37601,606.5625,32922,5,100,300.664
1619071655.56915,606.8125,32974,5,100,301.163
1619071658.17381,606.5,33000,5,100,301.369
1619071660.77076,606.3125,33025,5,100,301.547
1619071663.3662,606.4375,33051,5,100,301.769
1619071668.55101,605.625,33102,5,100,302.185
1619071671.15834,605.6875,33128,5,100,302.423
1619071673.76839,605.1875,33154,5,100,302.614
1619071676.41088,605.1875,33180,5,100,302.871
1619071681.64203,604.6875,33231,5,100,303.342
1619071684.24607,604.875,33258,5,100,303.522
1619071686.84322,604.875,33283,5,100,303.744
1619071689.44496,604.5,33308,5,100,303.936
1619071692.08772,604.5,33335,5,100,304.083
1619071694.68677,604,33361,5,100,304.286
1619071697.28309,603.9375,33387,5,100,304.527
1619071699.87876,603.25,33412,5,100,304.716
1619071702.48174,603.5,33438,5,100,304.946
1619071705.1251,603.125,33464,5,100,305.19
1619071707.72273,603.0625,33490,5,100,305.454
1619071710.32194,603.0625,33515,5,100,305.664
1619071712.97082,602.75,33542,5,100,305.841
1619071715.61248,602.1875,33568,5,100,306.071
1619071718.20862,602.4375,33594,5,100,306.297
1619071720.80808,602.375,33619,5,100,306.477
1619071723.40161,602.5,33645,5,100,306.76
1619071726.00021,601.9375,33671,5,100,306.941
1619071728.59794,601.625,33697,5,100,307.164
1619071731.19488,601.75,33722,5,100,307.35
1619071733.79335,601.125,33748,5,100,307.575
1619071736.39251,601.125,33774,5,100,307.774
1619071738.98786,600.625,33800,5,100,308.011
1619071741.5889,600.375,33825,5,100,308.239
1619071746.82197,600.625,33877,5,100,308.649
1619071749.4296,600.5625,33902,5,100,308.841
1619071752.08051,600.3125,33929,5,100,309.071
1619071754.72128,600.5,33955,5,100,309.354
1619071757.32254,599.375,33981,5,100,309.53
1619071759.96803,599.4375,34007,5,100,309.751
1619071765.20368,599.375,34059,5,100,310.155
1619071767.80578,599.25,34085,5,100,310.347
1619071770.40392,599.125,34110,5,100,310.584
1619071775.59091,598.5,34162,5,100,311.024
1619071778.19844,598.125,34188,5,100,311.213
1619071780.84584,598.3125,34214,5,100,311.444
1619071783.49496,597.5625,34240,5,100,311.645
1619071786.13906,597.375,34266,5,100,311.889
1619071788.75498,597.75,34293,5,100,312.123
1619071791.39204,597.25,34318,5,100,312.32
1619071794.0414,597.4375,34344,5,100,312.601
1619071796.68969,596.9375,34371,5,100,312.773
1619071799.34292,597.0625,34397,5,100,312.99
1619071801.98932,596.6875,34423,5,100,313.175
1619071804.63728,596.625,34449,5,100,313.401
1619071807.2803,596.4375,34476,5,100,313.605
1619071809.92348,596.625,34502,5,100,313.837
1619071815.20334,596.125,34554,5,100,314.318
1619071817.82102,596,34580,5,100,314.523
1619071820.46247,595.625,34606,5,100,314.727
1619071823.11643,595.5625,34632,5,100,314.919
1619071825.758,595.25,34659,5,100,315.229
1619071828.40866,595.1875,34685,5,100,315.406
1619071831.0513,594.5625,34711,5,100,315.625
1619071833.70055,594.625,34737,5,100,315.813
1619071836.38182,594.625,34764,5,100,316.038
1619071839.00043,594.5,34790,5,100,316.239
1619071841.6501,593.875,34816,5,100,316.471
1619071844.32412,594,34842,5,100,316.712
1619071846.93458,593.625,34868,5,100,316.906
1619071849.58893,593.5625,34895,5,100,317.138
1619071852.23628,593.625,34920,5,100,317.4
1619071854.88252,593.3125,34947,5,100,317.604
1619071857.54297,593.125,34973,5,100,317.815
1619071860.18037,592.8125,35000,5,100,318.005
1619071862.82372,592.375,35025,5,100,318.235
1619071865.4822,593.0625,35052,5,100,318.431
1619071868.11254,592.5625,35078,5,100,318.661
1619071870.76964,591.875,35104,5,100,318.875
1619071873.41716,592.3125,35130,5,100,319.099
1619071876.04986,591.9375,35157,5,100,319.394
1619071878.69691,591.5,35183,5,100,319.575
1619071881.35349,591.5,35209,5,100,319.794
1619071884.00095,592,35235,5,100,319.981
1619071886.6468,591,35262,5,100,320.3
1619071889.29529,590.8125,35288,5,100,320.47
1619071891.94409,590.9375,35313,5,100,320.685
1619071894.59334,590.5,35340,5,100,320.865
1619071897.2351,590.5,35366,5,100,321.093
1619071899.88428,590.3125,35393,5,100,321.28
1619071902.52652,590.625,35418,5,100,321.556
1619071905.17779,590.25,35445,5,100,321.753
1619071907.82485,590.1875,35471,5,100,321.935
1619071910.46545,590.125,35498,5,100,322.149
1619071913.12129,589.3125,35523,5,100,322.343
1619071915.76876,589.0625,35550,5,100,322.574
1619071918.41276,588.875,35576,5,100,322.773
1619071923.62712,588.5,35627,5,100,323.199
1619071926.25378,588.875,35654,5,100,323.498
1619071928.8945,588.1875,35680,5,100,323.684
1619071931.54889,588.4375,35706,5,100,323.901
1619071934.19688,588.375,35732,5,100,324.127
1619071936.84427,587.8125,35758,5,100,324.322
1619071939.48476,587.875,35785,5,100,324.56
1619071942.13508,587.6875,35810,5,100,324.755
1619071944.78962,587.5625,35837,5,100,324.99
1619071947.43251,587.375,35863,5,100,325.189
1619071950.07888,587,35890,5,100,325.424
1619071952.71097,586.875,35915,5,100,325.654
1619071955.37369,586.25,35942,5,100,325.849
1619071958.02174,586.375,35968,5,100,326.07
1619071960.6687,586.75,35995,5,100,326.251
1619071963.31514,586.625,36020,5,100,326.465
1619071965.96132,585.875,36047,5,100,326.649
1619071968.61728,585.625,36073,5,100,326.866
1619071971.28298,586,36100,5,100,327.083
1619071973.9066,585.1875,36125,5,100,327.272
1619071976.54843,585.125,36152,5,100,327.599
1619071979.19869,584.875,36178,5,100,327.777
1619071981.8489,584.875,36204,5,100,327.994
1619071984.4957,585,36230,5,100,328.185
1619071987.14113,584.75,36256,5,100,328.421
1619071989.78527,584.625,36283,5,100,328.63
1619071992.43591,583.9375,36308,5,100,328.899
1619071995.08285,584.25,36335,5,100,329.103
1619071997.72976,584.0625,36361,5,100,329.294
1619072000.3767,583.6875,36388,5,100,329.509
1619072003.02242,583.6875,36413,5,100,329.71
1619072005.67112,583.3125,36440,5,100,329.94
1619072008.31666,583.25,36466,5,100,330.139
1619072010.96806,583.125,36493,5,100,330.377
1619072013.61509,582.9375,36518,5,100,330.59
1619072016.28936,582.6875,36545,5,100,330.852
1619072018.90637,582.375,36571,5,100,331.031
1619072021.55286,582.5625,36598,5,100,331.241
1619072024.20022,581.9375,36623,5,100,331.43
1619072026.85119,582.3125,36650,5,100,331.654
1619072029.52446,581.625,36676,5,100,331.849
1619072032.14014,581.4375,36702,5,100,332.085
1619072034.78949,581.625,36728,5,100,332.317
1619072037.43728,582,36754,5,100,332.519
1619072040.08749,581.25,36781,5,100,332.803
1619072042.73051,580.625,36806,5,100,332.973
1619072045.37558,581.125,36833,5,100,333.188
1619072048.02431,580.75,36859,5,100,333.365
1619072050.63006,581.1875,36885,5,100,333.593
1619072053.26884,580.1875,36911,5,100,333.779
1619072055.91687,580.6875,36937,5,100,334.071
1619072058.55746,579.75,36964,5,100,334.245
1619072061.21395,579.875,36990,5,100,334.453
1619072063.88915,579.5625,37016,5,100,334.677
1619072066.50414,579.25,37042,5,100,334.948
1619072069.15089,579.5625,37069,5,100,335.12
1619072071.80189,579.375,37095,5,100,335.328
1619072074.44734,578.9375,37121,5,100,335.542
1619072077.09301,578.8125,37147,5,100,335.738
1619072079.74253,578.5,37173,5,100,335.948
1619072082.40211,578.6875,37200,5,100,336.237
1619072085.0386,578.125,37225,5,100,336.443
1619072087.68498,578.0625,37252,5,100,336.63
1619072090.34043,577.875,37278,5,100,336.848
1619072092.97738,577.75,37304,5,100,337.036
1619072095.62596,577.8125,37330,5,100,337.261
1619072098.27403,577.0625,37357,5,100,337.579
1619072100.91692,577.5,37383,5,100,337.778
1619072103.57713,576.875,37409,5,100,337.942
1619072106.21443,576.6875,37435,5,100,338.125
1619072108.86441,576.6875,37462,5,100,338.359
1619072111.50729,576.8125,37488,5,100,338.588
1619072114.15286,576.5625,37514,5,100,338.77
1619072116.80599,576.25,37540,5,100,339.009
1619072119.44932,576,37567,5,100,339.256
1619072122.09863,575.9375,37593,5,100,339.461
1619072124.74232,575.5625,37618,5,100,339.637
1619072127.38875,575.5,37645,5,100,339.862
1619072130.01985,575.375,37671,5,100,340.045
1619072132.61638,575,37697,5,100,340.269
1619072135.19727,575.0625,37722,5,100,340.462
1619072137.81131,574.8125,37748,5,100,340.78
1619072140.41027,574.4375,37774,5,100,340.953
1619072145.63986,574.6875,37825,5,100,341.348
1619072148.25292,574.5625,37852,5,100,341.566
1619072150.89974,573.625,37878,5,100,341.858
1619072153.54366,573.75,37903,5,100,342.035
1619072156.14387,573.8125,37929,5,100,342.241
1619072161.34241,573.4375,37981,5,100,342.636
1619072166.56721,573.25,38033,5,100,343.104
1619072169.17991,572.875,38059,5,100,343.314
1619072174.41611,572.8125,38110,5,100,343.709
1619072177.01951,572.3125,38136,5,100,343.9
1619072179.61725,572.5625,38162,5,100,344.121
1619072182.21723,572.1875,38188,5,100,344.4
1619072184.86137,571.75,38214,5,100,344.598
1619072187.45779,572,38240,5,100,344.777
1619072190.05785,572.0625,38266,5,100,344.993
1619072192.70298,571.25,38292,5,100,345.179
1619072195.30125,571.25,38317,5,100,345.465
1619072197.89599,571.375,38343,5,100,345.636
1619072200.49693,570.9375,38369,5,100,345.842
1619072203.17624,570.4375,38396,5,100,346.021
1619072205.81987,570,38421,5,100,346.24
1619072208.46891,570.75,38448,5,100,346.434
1619072211.11378,570.0625,38474,5,100,346.73
1619072213.76029,570.375,38501,5,100,346.904
1619072216.37728,569.8125,38526,5,100,347.128
1619072219,569.4375,38552,5,100,347.345
1619072221.65588,569.5625,38579,5,100,347.524
1619072224.30134,569.5625,38604,5,100,347.76
1619072226.91835,569.1875,38630,5,100,347.953
1619072229.5665,568.875,38657,5,100,348.199
1619072232.2168,569.125,38683,5,100,348.391
1619072234.85958,568.4375,38709,5,100,348.625
1619072240.09743,568.5625,38761,5,100,349.073
1619072242.69857,568.0625,38787,5,100,349.246
1619072245.29644,567.875,38812,5,100,349.464
1619072247.89589,567.5625,38838,5,100,349.678
1619072250.53707,567.8125,38864,5,100,349.872
1619072253.13863,568.0625,38890,5,100,350.179
1619072255.68789,568.0625,38915,5,100,350.348
1619072258.32933,567.25,38941,5,100,350.557
1619072260.93256,567.125,38967,5,100,350.737
1619072263.58006,567.3125,38994,5,100,350.959
1619072266.22643,566.5,39019,5,100,351.156
1619072268.9027,566.9375,39046,5,100,351.382
1619072271.52226,566.6875,39072,5,100,351.583
1619072274.17031,566.625,39099,5,100,351.874
1619072276.81056,565.625,39124,5,100,352.081
1619072279.41225,565.9375,39150,5,100,352.249
1619072284.64503,565.25,39202,5,100,352.645
1619072287.25426,565.3125,39228,5,100,352.947
1619072289.9011,565.125,39254,5,100,353.122
1619072292.551,565.0625,39281,5,100,353.333
1619072295.19577,564.9375,39306,5,100,353.52
1619072297.84445,564.4375,39332,5,100,353.739
1619072300.48946,564.625,39359,5,100,354.024
1619072305.72004,564.4375,39410,5,100,354.404
1619072308.32912,564.375,39436,5,100,354.579
1619072310.92857,564.1875,39462,5,100,354.79
1619072316.15887,564,39514,5,100,355.272
1619072318.77099,563.1875,39540,5,100,355.44
1619072321.41547,563.3125,39566,5,100,355.648
1619072324.04324,563.1875,39592,5,100,355.825
1619072329.24578,562.5,39643,5,100,356.329
1619072334.44362,562.4375,39695,5,100,356.709
1619072337.0459,562.4375,39720,5,100,356.884
1619072339.64585,561.5625,39746,5,100,357.114
1619072342.24334,562.0625,39772,5,100,357.307
1619072344.84291,562.0625,39798,5,100,357.528
1619072347.49016,562.125,39824,5,100,357.719
1619072350.13799,561.4375,39850,5,100,357.939
1619072352.78195,561.4375,39877,5,100,358.143
1619072355.38138,561.625,39902,5,100,358.346
1619072358.02906,561,39928,5,100,358.555
1619072360.67351,561.5,39955,5,100,358.737
1619072363.27512,560.875,39981,5,100,358.948
1619072368.50494,560.25,40032,5,100,359.438
1619072373.70211,560.3125,40084,5,100,359.81
1619072376.30976,560.25,40109,5,100,359.981
1619072381.49158,559.6875,40161,5,100,360.388
1619072384.10922,559.4375,40187,5,100,360.702
1619072386.74527,559.25,40212,5,100,360.888
1619072389.34734,559.3125,40238,5,100,361.082
1619072391.9894,558.8125,40265,5,100,361.285
1619072394.58787,559.0625,40291,5,100,361.488
1619072397.18088,559,40316,5,100,361.729
1619072399.78043,558.875,40342,5,100,361.974
1619072402.38314,558.25,40368,5,100,362.156
1619072405.02561,557.9375,40394,5,100,362.344
1619072407.62526,558.1875,40419,5,100,362.528
1619072410.27322,557.8125,40446,5,100,362.752
1619072412.90083,557.9375,40472,5,100,362.979
1619072415.51858,557.4375,40498,5,100,363.225
1619072418.15871,557.375,40524,5,100,363.424
1619072420.76256,557.25,40550,5,100,363.6
1619072423.40991,557,40576,5,100,363.807
1619072428.64218,556.6875,40627,5,100,364.305
1619072431.24569,556.5625,40653,5,100,364.465
1619072433.84774,556.1875,40679,5,100,364.666
1619072436.49159,556.125,40705,5,100,364.839
1619072439.08945,555.875,40731,5,100,365.072
1619072441.69183,555.875,40757,5,100,365.266
1619072444.33608,555.8125,40783,5,100,365.555
1619072446.98666,555.5,40809,5,100,365.755
1619072449.63091,555.375,40835,5,100,365.93
1619072452.27926,555.3125,40862,5,100,366.159
1619072454.9253,555.0625,40888,5,100,366.432
1619072457.56977,554.875,40914,5,100,366.628
1619072460.16972,554.75,40940,5,100,366.798
1619072462.81211,554.625,40966,5,100,367.007
1619072465.41369,554.1875,40992,5,100,367.182
1619072468.06208,554.25,41018,5,100,367.483
1619072470.70414,554.0625,41044,5,100,367.686
1619072475.88898,553.6875,41096,5,100,368.061
1619072478.49703,553.5625,41121,5,100,368.238
1619072481.09452,553.6875,41147,5,100,368.548
1619072483.72184,553.3125,41173,5,100,368.717
1619072486.34211,553.5,41199,5,100,368.918
1619072488.98506,552.875,41225,5,100,369.104
1619072491.58461,552.5625,41251,5,100,369.359
1619072494.23056,552.5,41277,5,100,369.572
1619072496.82941,552.25,41302,5,100,369.7
1619072499.47633,552.875,41329,5,100,369.908
1619072502.12197,552.3125,41355,5,100,370.158
1619072504.72245,552.0625,41381,5,100,370.355
1619072507.3685,551.8125,41407,5,100,370.531
1619072510.01325,551.8125,41433,5,100,370.738
1619072512.61246,552,41459,5,100,370.917
1619072515.2569,551.25,41486,5,100,371.223
1619072517.85915,550.875,41511,5,100,371.421
1619072520.50505,550.6875,41537,5,100,371.594
1619072523.17729,550.6875,41564,5,100,371.804
1619072525.82455,550.5625,41590,5,100,371.984
1619072528.46896,550.5,41616,5,100,372.244
1619072531.09167,550.125,41642,5,100,372.467
1619072533.70649,550.6875,41668,5,100,372.669
1619072536.34153,550.75,41694,5,100,372.844
1619072538.96179,550.4375,41720,5,100,373.122
1619072541.58334,549.4375,41746,5,100,373.321
1619072544.23073,549.8125,41772,5,100,373.505
1619072546.87338,549.4375,41799,5,100,373.715
1619072549.47806,549.3125,41824,5,100,373.977
1619072552.12415,549.1875,41850,5,100,374.177
1619072554.76836,548.9375,41877,5,100,374.348
1619072557.41255,548.6875,41902,5,100,374.559
1619072560.00659,548.625,41928,5,100,374.737
1619072565.19059,548.75,41980,5,100,375.176
1619072570.3898,548,42031,5,100,375.557
1619072572.9981,547.4375,42057,5,100,375.773
1619072575.64682,547.5625,42083,5,100,376.05
1619072578.29523,547.4375,42109,5,100,376.255
1619072580.93618,547.375,42135,5,100,376.422
1619072583.53936,547,42161,5,100,376.622
1619072586.18323,547.25,42188,5,100,376.838
1619072588.83184,546.875,42213,5,100,377.097
1619072594.06203,546.5,42266,5,100,377.476
1619072596.67332,546.5625,42292,5,100,377.685
1619072599.3179,545.9375,42317,5,100,377.9
1619072601.91918,545.875,42343,5,100,378.085
1619072604.5611,545.625,42370,5,100,378.386
1619072607.15996,546.0625,42396,5,100,378.55
1619072609.76103,545.5625,42421,5,100,378.763
1619072612.4063,545.5625,42447,5,100,378.935
1619072615.05465,545.5,42474,5,100,379.147
1619072617.6978,545.25,42500,5,100,379.469
1619072620.29781,544.8125,42525,5,100,379.648
1619072622.94352,544.8125,42551,5,100,379.817
1619072625.5896,544.5625,42578,5,100,379.992
1619072628.19191,544.75,42603,5,100,380.202
1619072630.83371,544.5625,42629,5,100,380.513
1619072633.43602,544.125,42655,5,100,380.672
1619072636.08258,543.9375,42682,5,100,380.878
1619072638.72492,543.9375,42707,5,100,381.049
1619072641.3221,544.125,42733,5,100,381.262
1619072643.92371,543.875,42759,5,100,381.531
1619072646.56969,543.625,42786,5,100,381.735
1619072649.21373,543.4375,42811,5,100,381.904
1619072651.81332,543.1875,42837,5,100,382.116
1619072654.46253,542.8125,42864,5,100,382.211
1619072657.10526,542.6875,42890,5,100,382.408
1619072659.70608,542.8125,42915,5,100,382.583
1619072662.34894,542.6875,42942,5,100,382.904
1619072664.9512,542.8125,42968,5,100,383.071
1619072667.59545,542.3125,42994,5,100,383.283
1619072670.24091,542.5,43019,5,100,383.463
1619072672.84104,541.75,43045,5,100,383.681
1619072675.48435,541.75,43072,5,100,383.861
1619072678.08777,541.5,43098,5,100,384.091
1619072680.73552,541.6875,43123,5,100,384.409
1619072683.37726,541.25,43150,5,100,384.596
1619072685.97637,541.5625,43176,5,100,384.777
1619072688.62162,541.125,43202,5,100,384.947
1619072691.22435,540.9375,43227,5,100,385.132
1619072693.87047,540.875,43254,5,100,385.359
1619072696.51664,540.3125,43280,5,100,385.536
1619072699.16218,540.375,43306,5,100,385.839
1619072701.81084,540.4375,43332,5,100,386.033
1619072704.45928,539.875,43359,5,100,386.208
1619072707.10256,539.9375,43385,5,100,386.416
1619072709.70425,539.25,43410,5,100,386.595
1619072712.34921,539.75,43436,5,100,386.84
1619072714.99307,539.1875,43463,5,100,387.003
1619072717.59397,539.6875,43489,5,100,387.216
1619072722.8266,539,43540,5,100,387.613
1619072725.43212,538.8125,43566,5,100,387.836
1619072728.03244,538.8125,43592,5,100,388.116
1619072730.67886,538.9375,43618,5,100,388.312
1619072733.32859,538.5,43644,5,100,388.486
1619072735.97665,538.4375,43671,5,100,388.687
1619072738.62041,538.0625,43697,5,100,388.875
1619072741.26766,537.9375,43723,5,100,389.081
1619072743.91382,537.6875,43749,5,100,389.345
1619072746.53602,537.5625,43775,5,100,389.551
1619072749.15821,537.6875,43802,5,100,389.721
1619072754.38899,537.5,43853,5,100,390.133
1619072757.00096,537,43879,5,100,390.343
1619072762.23389,536.75,43930,5,100,390.805
1619072764.84194,536.375,43956,5,100,390.962
1619072767.49129,536.375,43983,5,100,391.135
1619072770.14205,536.4375,44008,5,100,391.344
1619072772.78367,536.125,44035,5,100,391.527
1619072775.42926,536,44061,5,100,391.825
1619072778.02511,535.875,44087,5,100,392.021
1619072780.62587,535.5625,44112,5,100,392.19
1619072783.2737,535.4375,44139,5,100,392.415
1619072785.91789,535.3125,44165,5,100,392.597
1619072788.5198,535.3125,44191,5,100,392.864
1619072791.1639,535,44217,5,100,393.068
1619072793.81171,534.75,44243,5,100,393.225
1619072799.04581,534.5,44295,5,100,393.632
1619072801.6526,534.5,44321,5,100,393.868
1619072804.2992,534.125,44347,5,100,394.05
1619072806.9478,534.375,44373,5,100,394.263
1619072809.59415,534.0625,44400,5,100,394.481
1619072812.24454,533.5,44425,5,100,394.667
1619072814.88794,533.5,44452,5,100,394.98
1619072817.53101,533.5,44478,5,100,395.149
1619072820.13625,533.25,44503,5,100,395.354
1619072822.78039,533.1875,44530,5,100,395.526
1619072825.42722,532.9375,44556,5,100,395.747
1619072828.07686,532.5,44583,5,100,395.972
1619072830.72308,532.4375,44608,5,100,396.172
1619072833.36972,532.625,44635,5,100,396.341
1619072838.60435,532.625,44687,5,100,396.737
1619072841.20778,532.125,44712,5,100,396.954
1619072843.80513,532.125,44738,5,100,397.134
1619072846.40859,531.4375,44764,5,100,397.424
1619072851.63856,531.25,44815,5,100,397.799
1619072854.24586,531.4375,44841,5,100,398.013
1619072856.89261,531.5,44868,5,100,398.204
1619072859.5431,530.75,44894,5,100,398.424
1619072862.18708,531.25,44920,5,100,398.613
1619072864.83426,530.75,44946,5,100,398.832
1619072867.48272,530.8125,44973,5,100,399.019
1619072870.1294,530.4375,44999,5,100,399.29
1619072875.36277,530,45051,5,100,399.661
1619072877.97073,530,45077,5,100,399.877
1619072880.61736,529.4375,45102,5,100,400.058
1619072883.26707,529.5,45129,5,100,400.286
1619072885.90966,529.5625,45155,5,100,400.462
1619072888.51034,529.0625,45181,5,100,400.672
1619072891.16369,528.8125,45207,5,100,400.976
1619072893.80192,528.6875,45233,5,100,401.141
1619072896.4014,529.1875,45259,5,100,401.34
1619072899.04744,528.625,45285,5,100,401.516
1619072901.69581,528.625,45311,5,100,401.736
1619072904.3421,528.6875,45337,5,100,401.918
1619072906.99208,528.375,45364,5,100,402.143
1619072909.64081,527.6875,45390,5,100,402.369
1619072912.2837,527.75,45416,5,100,402.641
1619072914.92971,528.25,45442,5,100,402.838
1619072917.57496,527.6875,45469,5,100,403.003
1619072920.17496,527.3125,45495,5,100,403.216
1619072922.82288,527.4375,45520,5,100,403.401
1619072925.47216,527.3125,45547,5,100,403.625
1619072928.11798,527,45573,5,100,403.818
1619072930.76419,527.125,45600,5,100,404.041
1619072933.41113,526.4375,45625,5,100,404.222
1619072936.06218,526.6875,45652,5,100,404.486
1619072938.70483,526.25,45678,5,100,404.685
1619072941.35694,526.375,45704,5,100,404.855
1619072943.99973,526.25,45730,5,100,405.075
1619072946.64704,525.625,45756,5,100,405.258
1619072949.29602,525.6875,45783,5,100,405.533
1619072951.94199,525.8125,45808,5,100,405.723
1619072957.17271,525.5,45861,5,100,406.131
1619072959.78413,525.25,45887,5,100,406.304
1619072962.43208,525.125,45912,5,100,406.52
1619072965.08096,524.875,45939,5,100,406.708
1619072967.7239,525.0625,45965,5,100,406.925
1619072970.37234,524.6875,45992,5,100,407.233
1619072973.02072,524.375,46017,5,100,407.398
1619072975.66621,524.25,46044,5,100,407.6
1619072978.31659,524.1875,46070,5,100,407.771
1619072980.95887,524.125,46097,5,100,407.986
1619072983.61113,523.75,46122,5,100,408.171
1619072986.257,524,46149,5,100,408.412
1619072988.90222,523.75,46175,5,100,408.632
1619072991.54528,523.4375,46201,5,100,408.8
1619072994.14763,523.3125,46226,5,100,409.003
1619072996.79294,522.6875,46253,5,100,409.217
1619072999.43713,522.875,46279,5,100,409.399
1619073002.03368,523.0625,46304,5,100,409.706
1619073004.63454,522.625,46330,5,100,409.868
1619073007.28408,522.875,46357,5,100,410.063
1619073009.93137,522.6875,46383,5,100,410.242
1619073012.57197,522.5,46409,5,100,410.457
1619073015.18009,522.0625,46435,5,100,410.639
1619073017.8208,521.75,46461,5,100,410.865
1619073020.46654,521.5,46488,5,100,411.087
1619073023.1171,521.375,46513,5,100,411.274
1619073025.76368,521.75,46540,5,100,411.508
1619073028.4127,521.3125,46566,5,100,411.733
1619073031.05306,521,46593,5,100,411.926
1619073033.65541,521.375,46618,5,100,412.092
1619073036.29998,520.75,46644,5,100,412.308
1619073038.9416,520.625,46670,5,100,412.501
1619073041.55101,520.375,46697,5,100,412.725
1619073044.19276,520.25,46722,5,100,412.877
1619073046.88252,520.0625,46749,5,100,413.096
1619073049.50179,519.8125,46775,5,100,413.36
1619073052.15105,520,46802,5,100,413.558
1619073054.79504,519.8125,46827,5,100,413.735
1619073057.44307,519.75,46853,5,100,413.94
1619073060.09381,519.5,46880,5,100,414.172
1619073062.73768,519.375,46905,5,100,414.357
1619073065.38451,519.0625,46932,5,100,414.578
1619073068.03352,519.1875,46958,5,100,414.771
1619073070.6914,519.0625,46985,5,100,414.997
1619073073.32653,518.875,47010,5,100,415.177
1619073075.97412,518.5625,47037,5,100,415.507
1619073078.6225,518.375,47063,5,100,415.686
1619073081.26723,518.3125,47090,5,100,415.871
1619073083.91853,518.3125,47115,5,100,416.056
1619073086.56073,518.375,47142,5,100,416.257
1619073089.21959,517.9375,47168,5,100,416.538
1619073091.85424,517.625,47195,5,100,416.721
1619073094.50307,517.8125,47220,5,100,416.909
1619073097.15735,517.5625,47247,5,100,417.109
1619073099.79773,517.25,47273,5,100,417.297
1619073102.44875,517.1875,47299,5,100,417.503
1619073105.0769,517.125,47325,5,100,417.779
1619073107.73951,516.875,47351,5,100,417.96
1619073110.38661,516.75,47378,5,100,418.141
1619073113.03384,516.25,47403,5,100,418.341
1619073115.68301,516.25,47430,5,100,418.54
1619073118.32451,516.125,47456,5,100,418.751
1619073120.97777,516.0625,47483,5,100,418.95
1619073123.6308,515.9375,47508,5,100,419.252
1619073126.28092,515.75,47535,5,100,419.423
1619073128.94326,515.6875,47561,5,100,419.612
1619073131.58312,515.5,47588,5,100,419.797
1619073134.21513,515,47613,5,100,420.001
1619073136.87311,515.125,47640,5,100,420.198
1619073139.50597,514.6875,47666,5,100,420.475
1619073142.16037,514.6875,47693,5,100,420.63
1619073144.80063,514.875,47718,5,100,420.827
1619073147.44593,514.4375,47744,5,100,421.025
1619073150.09547,514.1875,47771,5,100,421.196
1619073152.74171,514.625,47797,5,100,421.484
1619073155.38442,514.125,47823,5,100,421.679
1619073158.03613,514.1875,47849,5,100,421.847
1619073160.68552,514.25,47876,5,100,422.061
1619073163.33224,513.6875,47902,5,100,422.232
1619073165.97986,513.375,47928,5,100,422.45
1619073168.66249,513.3125,47955,5,100,422.704
1619073171.29289,513.25,47981,5,100,422.904
1619073173.91984,513.1875,48006,5,100,423.095
1619073176.58033,513.0625,48033,5,100,423.275
1619073179.20994,512.625,48059,5,100,423.479
1619073181.85805,512.625,48086,5,100,423.663
1619073184.51623,512.4375,48111,5,100,423.892
1619073187.144,512.4375,48137,5,100,424.161
1619073189.80725,511.9375,48164,5,100,424.319
1619073192.44629,512.0625,48190,5,100,424.522
1619073195.10043,512.0625,48216,5,100,424.684
1619073197.74012,511.8125,48242,5,100,424.733
1619073200.38918,511.562530517578,48269,5,100,424.911
1619073203.0392,511.437469482422,48295,5,100,425.14
1619073205.68182,511.5,48321,5,100,425.318
1619073208.32886,511.0625,48347,5,100,425.537
1619073210.97754,511.0625,48374,5,100,425.806
1619073213.62841,510.75,48400,5,100,425.988
1619073216.27581,510.75,48426,5,100,426.151
1619073218.9187,510.625,48452,5,100,426.364
1619073221.59329,510.249969482422,48479,5,100,426.542
1619073224.21741,510.249969482422,48504,5,100,426.77
1619073226.86539,510.124969482422,48531,5,100,426.942
1619073229.50941,509.937530517578,48557,5,100,427.251
1619073232.15395,509.500030517578,48584,5,100,427.41
1619073234.80161,509.687469482422,48609,5,100,427.608
1619073237.44976,509.4375,48635,5,100,427.807
1619073240.09778,509.625030517578,48662,5,100,427.99
1619073242.74475,509.4375,48688,5,100,428.209
1619073245.38961,509,48714,5,100,428.506
1619073248.06785,508.8125,48741,5,100,428.669
1619073250.68556,508.875,48767,5,100,428.871
1619073253.33391,508.624969482422,48793,5,100,429.036
1619073255.977,508.499969482422,48819,5,100,429.26
1619073258.62653,508.499969482422,48845,5,100,429.485
1619073261.2721,508.25,48872,5,100,429.695
1619073263.92822,508.187469482422,48898,5,100,429.874
1619073266.5662,508.062469482422,48924,5,100,430.082
1619073269.21625,507.875030517578,48950,5,100,430.274
1619073271.86103,507.6875,48977,5,100,430.49
1619073274.51377,507.25,49002,5,100,430.685
1619073277.16398,507.1875,49029,5,100,430.956
1619073279.80359,507.0625,49055,5,100,431.145
1619073282.44941,506.874969482422,49081,5,100,431.313
1619073285.09872,506.9375,49107,5,100,431.518
1619073287.74663,507.000030517578,49133,5,100,431.711
1619073290.39319,506.687530517578,49160,5,100,431.983
1619073293.04362,506.375,49186,5,100,432.152
1619073295.68868,506.625,49212,5,100,432.347
1619073298.33305,506.375,49238,5,100,432.527
1619073300.98567,506.0625,49265,5,100,432.839
1619073303.63139,505.875,49291,5,100,433
1619073306.27618,505.875,49317,5,100,433.193
1619073308.92691,505.812530517578,49343,5,100,433.355
1619073311.57086,505.687469482422,49370,5,100,433.566
1619073314.21854,505.500030517578,49396,5,100,433.838
1619073316.86557,505,49422,5,100,434.032
1619073319.51258,505,49448,5,100,434.232
1619073322.19069,505.062530517578,49475,5,100,434.4
1619073324.80529,504.5625,49501,5,100,434.61
1619073327.4529,504.4375,49527,5,100,434.841
1619073330.09633,504.5625,49553,5,100,435.067
1619073332.74383,504.499969482422,49579,5,100,435.227
1619073335.39214,504.187530517578,49605,5,100,435.434
1619073338.04357,503.937469482422,49631,5,100,435.602
1619073340.68395,503.937469482422,49658,5,100,435.959
1619073343.33308,503.8125,49684,5,100,436.131
1619073345.97995,503.5,49710,5,100,436.309
1619073351.24915,503.624969482422,49762,5,100,436.677
1619073353.87047,503.000030517578,49789,5,100,436.881
1619073356.52102,503.000030517578,49814,5,100,437.166
1619073359.16658,502.749969482422,49841,5,100,437.352
1619073361.81455,502.8125,49867,5,100,437.529
1619073364.46144,502.6875,49894,5,100,437.725
1619073367.11112,502.562530517578,49919,5,100,437.995
1619073369.75794,502.375,49946,5,100,438.177
1619073372.40384,502.1875,49972,5,100,438.354
1619073375.05143,501.9375,49999,5,100,438.542
1619073377.69835,501.874969482422,50024,5,100,438.728
1619073380.376,501.9375,50051,5,100,439.021
1619073382.9978,501.3125,50077,5,100,439.204
1619073385.6411,501.124969482422,50102,5,100,439.387
1619073390.90859,501.1875,50155,5,100,439.767
1619073393.55664,501,50182,5,100,440.079
1619073396.17847,500.875,50207,5,100,440.238
1619073398.82565,500.625,50233,5,100,440.419
1619073401.47411,500.500030517578,50260,5,100,440.601
1619073404.1504,500.374969482422,50286,5,100,440.797
1619073406.7688,500.3125,50312,5,100,440.994
1619073409.4159,500.125,50338,5,100,441.203
1619073412.06436,500,50365,5,100,441.469
1619073414.71299,499.625,50391,5,100,441.646
1619073417.34224,499.75,50416,5,100,441.814
1619073420.00167,499.625,50443,5,100,442.022
1619073422.64979,499.3125,50469,5,100,442.196
1619073425.30049,499.125,50496,5,100,442.459
1619073427.94695,499.125,50521,5,100,442.655
1619073430.59191,499.0625,50548,5,100,442.81
1619073433.24181,498.9375,50574,5,100,443.024
1619073435.8883,498.6875,50601,5,100,443.231
1619073438.53853,498.5625,50626,5,100,443.486
1619073441.21091,498.4375,50653,5,100,443.7
1619073443.8252,498.0625,50679,5,100,443.858
1619073446.50234,498.1875,50705,5,100,444.065
1619073449.12205,498.0625,50731,5,100,444.229
1619073451.77154,497.8125,50758,5,100,444.443
1619073454.41686,497.625,50784,5,100,444.627
1619073457.05236,497.5,50810,5,100,444.952
1619073459.67689,497.25,50836,5,100,445.127
1619073462.30375,497.4375,50862,5,100,445.276
1619073464.95617,497.375,50889,5,100,445.485
1619073467.60192,496.75,50914,5,100,445.664
1619073470.25051,496.8125,50940,5,100,445.878
1619073472.89624,497,50967,5,100,446.155
1619073475.547,496.4375,50993,5,100,446.356
1619073478.19028,496.5625,51019,5,100,446.516
1619073480.83977,496.1875,51045,5,100,446.723
1619073483.48241,496.1875,51072,5,100,446.894
1619073486.1356,496.0625,51098,5,100,446.976
1619073488.77895,495.6875,51124,5,100,447.153
1619073491.42457,495.6875,51150,5,100,447.341
1619073494.0476,495.5625,51176,5,100,447.519
1619073496.6764,495.375,51202,5,100,447.808
1619073499.34606,495.25,51228,5,100,447.952
1619073501.9642,495.125,51255,5,100,448.11
1619073504.61417,494.9375,51281,5,100,448.308
1619073509.88637,494.875,51333,5,100,448.687
1619073512.5349,494.625,51359,5,100,448.897
1619073515.15295,494.5,51386,5,100,449.158
1619073517.80152,494.1875,51411,5,100,449.353
1619073520.44772,494,51437,5,100,449.513
1619073523.06247,493.875,51464,5,100,449.718
1619073525.69301,493.6875,51490,5,100,449.892
1619073528.33739,493.8125,51515,5,100,450.218
1619073530.98398,493.5625,51542,5,100,450.405
1619073533.63135,493.375,51568,5,100,450.527
1619073536.2504,493.25,51594,5,100,450.722
1619073538.87663,493,51620,5,100,450.891
1619073541.52336,493,51646,5,100,451.181
1619073544.17216,493,51673,5,100,451.347
1619073546.81748,492.5625,51699,5,100,451.545
1619073549.46472,492.4375,51725,5,100,451.71
1619073552.11036,492.4375,51751,5,100,452.011
1619073554.76229,492.1875,51778,5,100,452.178
1619073557.40974,492.1875,51803,5,100,452.36
1619073560.05339,492.1875,51830,5,100,452.528
1619073562.69731,491.9375,51856,5,100,452.738
1619073565.35041,491.6875,51882,5,100,452.914
1619073567.99607,491.5625,51908,5,100,453.13
1619073570.63935,491.3125,51934,5,100,453.366
1619073573.3024,491.1875,51961,5,100,453.555
1619073578.50665,491,52012,5,100,453.89
1619073581.13379,490.75,52038,5,100,454.185
1619073583.7736,490.5625,52065,5,100,454.337
1619073586.42189,490.3125,52091,5,100,454.537
1619073589.0735,490.375,52117,5,100,454.697
1619073591.72096,490.4375,52143,5,100,454.902
1619073594.36831,490.3125,52170,5,100,455.152
1619073597.01129,490.1875,52196,5,100,455.346
1619073599.66159,490.0625,52222,5,100,455.504
1619073602.30996,489.9375,52248,5,100,455.712
1619073604.95425,489.5,52275,5,100,455.883
1619073607.60371,489.5,52301,5,100,456.18
1619073610.24734,489.5625,52326,5,100,456.372
1619073612.8836,489.1875,52353,5,100,456.533
1619073615.54344,489.3125,52379,5,100,456.723
1619073618.19107,488.8125,52405,5,100,456.893
1619073620.83498,488.8125,52431,5,100,457.09
1619073623.48441,488.5625,52458,5,100,457.405
1619073626.16404,488.6875,52485,5,100,457.568
1619073628.82859,488.125,52510,5,100,457.723
1619073631.50647,488.25,52537,5,100,457.928
1619073634.12542,488.0625,52563,5,100,458.099
1619073636.7713,487.8125,52590,5,100,458.412
1619073639.41654,487.625,52615,5,100,458.567
1619073642.06671,487.4375,52642,5,100,458.764
1619073644.71038,487.5625,52668,5,100,458.926
1619073647.35696,487.0625,52695,5,100,459.131
1619073650.0093,487.25,52720,5,100,459.3
1619073652.65177,487.3125,52747,5,100,459.514
1619073655.30131,486.75,52773,5,100,459.774
1619073657.94879,486.75,52799,5,100,459.972
1619073660.59321,486.625,52825,5,100,460.131
1619073663.23021,486.5,52851,5,100,460.336
1619073665.88636,486.4375,52878,5,100,460.503
1619073668.53562,486,52903,5,100,460.707
1619073671.21465,486.25,52930,5,100,461.02
1619073673.83099,485.75,52956,5,100,461.198
1619073676.47975,485.75,52983,5,100,461.354
1619073679.13506,485.625,53008,5,100,461.525
1619073681.75849,485.625,53035,5,100,461.699
1619073684.41817,485.3125,53061,5,100,461.997
1619073687.06642,485.0625,53088,5,100,462.185
1619073689.71046,485.0625,53113,5,100,462.345
1619073692.3617,485.0625,53140,5,100,462.537
1619073695.00995,484.6875,53166,5,100,462.715
1619073697.6574,484.6875,53193,5,100,462.912
1619073700.29957,484.4375,53218,5,100,463.237
1619073702.94929,484.25,53244,5,100,463.391
1619073705.59671,484.1875,53271,5,100,463.584
1619073708.24657,484.125,53297,5,100,463.743
1619073710.89014,484.125,53323,5,100,463.951
1619073713.53748,484.0625,53349,5,100,464.227
1619073716.18588,483.6875,53376,5,100,464.389
1619073718.78391,483.4375,53402,5,100,464.58
1619073721.45503,483.5625,53428,5,100,464.735
1619073724.0727,483.375,53454,5,100,464.938
1619073726.72163,483.3125,53480,5,100,465.259
1619073729.37465,483.125,53506,5,100,465.421
1619073732.01845,483,53532,5,100,465.593
1619073734.66789,482.6875,53559,5,100,465.772
1619073737.30915,482.75,53585,5,100,465.961
1619073739.95626,482.5625,53611,5,100,466.147
1619073742.60564,482.375,53637,5,100,466.432
1619073745.25338,482.25,53664,5,100,466.612
1619073747.88831,482.0625,53690,5,100,466.785
1619073750.54329,481.875,53715,5,100,466.97
1619073753.19684,481.875,53742,5,100,467.147
1619073755.84056,481.625,53768,5,100,467.406
1619073758.49524,481.5625,53795,5,100,467.566
1619073761.13818,481.375,53820,5,100,467.766
1619073763.78214,481.125,53847,5,100,467.929
1619073766.43359,481,53873,5,100,468.145
1619073769.0771,481.0625,53900,5,100,468.314
1619073771.75144,480.9375,53925,5,100,468.608
1619073774.37424,480.8125,53952,5,100,468.763
1619073779.63954,480.4375,54003,5,100,469.143
1619073782.265,480.5,54030,5,100,469.311
1619073784.91491,480.1875,54056,5,100,469.592
1619073787.55877,480.0625,54083,5,100,469.78
1619073790.2011,479.9375,54108,5,100,469.968
1619073792.86042,479.6875,54135,5,100,470.127
1619073795.50024,479.875,54161,5,100,470.327
1619073800.75908,479.375,54213,5,100,470.771
1619073803.38897,479.3125,54239,5,100,470.96
1619073806.03893,479,54265,5,100,471.113
1619073808.68707,478.875,54292,5,100,471.433
1619073811.33064,478.6875,54317,5,100,471.607
1619073813.98154,478.5625,54344,5,100,471.769
1619073816.6247,478.5625,54370,5,100,471.925
1619073819.26814,478.625,54397,5,100,472.126
1619073821.92793,478.3125,54422,5,100,472.288
1619073824.56633,478.1875,54449,5,100,472.605
1619073827.21554,477.9375,54475,5,100,472.761
1619073829.87366,478,54502,5,100,472.956
1619073832.4951,477.625,54527,5,100,473.12
